round_number,fight_name,time_elapsed,event,combatant_one,combatant_one_health,combatant_one_dodged,combatant_one_attacked,combatant_two,combatant_two_health,combatant_two_dodged,combatant_two_attacked
1,Arya Black vs Jessica Nevers,300,Fight starts!,Arya Black,50,False,False,Jessica Nevers,144,False,False
1,Arya Black vs Jessica Nevers,285,Arya Black dodged Jessica Nevers's Attack!,Arya Black,50,True,False,Jessica Nevers,144,False,True
1,Arya Black vs Jessica Nevers,280,Arya Black Attacks Jessica Nevers!,Arya Black,50,False,True,Jessica Nevers,0,False,False
1,Arya Black vs Jessica Nevers,280,Jessica Nevers has been Defeated!,Arya Black,50,False,False,Jessica Nevers,0,False,False
1,Arya Black vs Jessica Nevers,280,Arya Black wins the fight!,Arya Black,50,False,False,Jessica Nevers,0,False,False
2,Yusuke Chen vs Julia Snow,300,Fight starts!,Yusuke Chen,144,False,False,Julia Snow,261,False,False
2,Yusuke Chen vs Julia Snow,287,Julia Snow Attacks Yusuke Chen!,Yusuke Chen,126,False,False,Julia Snow,261,False,True
2,Yusuke Chen vs Julia Snow,285,Julia Snow dodged Yusuke Chen's Attack!,Yusuke Chen,126,False,True,Julia Snow,261,True,False
2,Yusuke Chen vs Julia Snow,274,Julia Snow Attacks Yusuke Chen!,Yusuke Chen,120,False,False,Julia Snow,261,False,True
2,Yusuke Chen vs Julia Snow,270,Julia Snow dodged Yusuke Chen's Attack!,Yusuke Chen,120,False,True,Julia Snow,261,True,False
2,Yusuke Chen vs Julia Snow,261,Julia Snow Attacks Yusuke Chen!,Yusuke Chen,111,False,False,Julia Snow,261,False,True
2,Yusuke Chen vs Julia Snow,255,Yusuke Chen Attacks Julia Snow!,Yusuke Chen,111,False,True,Julia Snow,117,False,False
2,Yusuke Chen vs Julia Snow,248,Yusuke Chen dodged Julia Snow's Attack!,Yusuke Chen,111,True,False,Julia Snow,117,False,True
2,Yusuke Chen vs Julia Snow,240,Yusuke Chen Attacks Julia Snow!,Yusuke Chen,111,False,True,Julia Snow,0,False,False
2,Yusuke Chen vs Julia Snow,240,Julia Snow has been Defeated!,Yusuke Chen,111,False,False,Julia Snow,0,False,False
2,Yusuke Chen vs Julia Snow,240,Yusuke Chen wins the fight!,Yusuke Chen,111,False,False,Julia Snow,0,False,False
3,Arya Black vs Yusuke Chen,300,Fight starts!,Arya Black,50,False,False,Yusuke Chen,144,False,False
3,Arya Black vs Yusuke Chen,285,Yusuke Chen Attacks Arya Black!,Arya Black,0,False,False,Yusuke Chen,144,False,True
3,Arya Black vs Yusuke Chen,285,Arya Black has been Defeated!,Arya Black,0,False,False,Yusuke Chen,144,False,False
3,Arya Black vs Yusuke Chen,285,Yusuke Chen wins the fight!,Arya Black,0,False,False,Yusuke Chen,144,False,False
4,Sparrow Hikaru vs Moses Hilltops,300,Fight starts!,Sparrow Hikaru,174,False,False,Moses Hilltops,50,False,False
4,Sparrow Hikaru vs Moses Hilltops,284,Sparrow Hikaru Attacks Moses Hilltops!,Sparrow Hikaru,174,False,True,Moses Hilltops,8,False,False
4,Sparrow Hikaru vs Moses Hilltops,280,Sparrow Hikaru dodged Moses Hilltops's Attack!,Sparrow Hikaru,174,True,False,Moses Hilltops,8,False,True
4,Sparrow Hikaru vs Moses Hilltops,268,Sparrow Hikaru Attacks Moses Hilltops!,Sparrow Hikaru,174,False,True,Moses Hilltops,0,False,False
4,Sparrow Hikaru vs Moses Hilltops,268,Moses Hilltops has been Defeated!,Sparrow Hikaru,174,False,False,Moses Hilltops,0,False,False
4,Sparrow Hikaru vs Moses Hilltops,268,Sparrow Hikaru wins the fight!,Sparrow Hikaru,174,False,False,Moses Hilltops,0,False,False
5,Roxanne Johnson vs Helen Keely,300,Fight starts!,Roxanne Johnson,144,False,False,Helen Keely,192,False,False
5,Roxanne Johnson vs Helen Keely,290,Roxanne Johnson dodged Helen Keely's Attack!,Roxanne Johnson,144,True,False,Helen Keely,192,False,True
5,Roxanne Johnson vs Helen Keely,280,Roxanne Johnson Attacks Helen Keely!,Roxanne Johnson,144,False,True,Helen Keely,3,False,False
5,Roxanne Johnson vs Helen Keely,280,Helen Keely Attacks Roxanne Johnson!,Roxanne Johnson,96,False,False,Helen Keely,3,False,True
5,Roxanne Johnson vs Helen Keely,270,Helen Keely Attacks Roxanne Johnson!,Roxanne Johnson,84,False,False,Helen Keely,3,False,True
5,Roxanne Johnson vs Helen Keely,260,Roxanne Johnson Attacks Helen Keely!,Roxanne Johnson,84,False,True,Helen Keely,0,False,False
5,Roxanne Johnson vs Helen Keely,260,Helen Keely has been Defeated!,Roxanne Johnson,84,False,False,Helen Keely,0,False,False
5,Roxanne Johnson vs Helen Keely,260,Roxanne Johnson wins the fight!,Roxanne Johnson,84,False,False,Helen Keely,0,False,False
6,Sparrow Hikaru vs Roxanne Johnson,300,Fight starts!,Sparrow Hikaru,174,False,False,Roxanne Johnson,126,False,False
6,Sparrow Hikaru vs Roxanne Johnson,284,Sparrow Hikaru Attacks Roxanne Johnson!,Sparrow Hikaru,174,False,True,Roxanne Johnson,120,False,False
6,Sparrow Hikaru vs Roxanne Johnson,280,Roxanne Johnson Attacks Sparrow Hikaru!,Sparrow Hikaru,138,False,False,Roxanne Johnson,120,False,True
6,Sparrow Hikaru vs Roxanne Johnson,268,Sparrow Hikaru Attacks Roxanne Johnson!,Sparrow Hikaru,138,False,True,Roxanne Johnson,117,False,False
6,Sparrow Hikaru vs Roxanne Johnson,260,Roxanne Johnson Attacks Sparrow Hikaru!,Sparrow Hikaru,93,False,False,Roxanne Johnson,117,False,True
6,Sparrow Hikaru vs Roxanne Johnson,252,Sparrow Hikaru Attacks Roxanne Johnson!,Sparrow Hikaru,93,False,True,Roxanne Johnson,111,False,False
6,Sparrow Hikaru vs Roxanne Johnson,240,Sparrow Hikaru dodged Roxanne Johnson's Attack!,Sparrow Hikaru,93,True,False,Roxanne Johnson,111,False,True
6,Sparrow Hikaru vs Roxanne Johnson,236,Sparrow Hikaru Attacks Roxanne Johnson!,Sparrow Hikaru,93,False,True,Roxanne Johnson,105,False,False
6,Sparrow Hikaru vs Roxanne Johnson,220,Sparrow Hikaru dodged Roxanne Johnson's Attack!,Sparrow Hikaru,93,True,False,Roxanne Johnson,105,False,True
6,Sparrow Hikaru vs Roxanne Johnson,220,Sparrow Hikaru Attacks Roxanne Johnson!,Sparrow Hikaru,93,False,True,Roxanne Johnson,99,False,False
6,Sparrow Hikaru vs Roxanne Johnson,204,Sparrow Hikaru Attacks Roxanne Johnson!,Sparrow Hikaru,93,False,True,Roxanne Johnson,93,False,False
6,Sparrow Hikaru vs Roxanne Johnson,200,Sparrow Hikaru dodged Roxanne Johnson's Attack!,Sparrow Hikaru,93,True,False,Roxanne Johnson,93,False,True
6,Sparrow Hikaru vs Roxanne Johnson,188,Sparrow Hikaru Attacks Roxanne Johnson!,Sparrow Hikaru,93,False,True,Roxanne Johnson,84,False,False
6,Sparrow Hikaru vs Roxanne Johnson,180,Sparrow Hikaru dodged Roxanne Johnson's Attack!,Sparrow Hikaru,93,True,False,Roxanne Johnson,84,False,True
6,Sparrow Hikaru vs Roxanne Johnson,172,Sparrow Hikaru Attacks Roxanne Johnson!,Sparrow Hikaru,93,False,True,Roxanne Johnson,78,False,False
6,Sparrow Hikaru vs Roxanne Johnson,160,Sparrow Hikaru dodged Roxanne Johnson's Attack!,Sparrow Hikaru,93,True,False,Roxanne Johnson,78,False,True
6,Sparrow Hikaru vs Roxanne Johnson,156,Sparrow Hikaru Attacks Roxanne Johnson!,Sparrow Hikaru,93,False,True,Roxanne Johnson,72,False,False
6,Sparrow Hikaru vs Roxanne Johnson,140,Sparrow Hikaru dodged Roxanne Johnson's Attack!,Sparrow Hikaru,93,True,False,Roxanne Johnson,72,False,True
6,Sparrow Hikaru vs Roxanne Johnson,140,Sparrow Hikaru Attacks Roxanne Johnson!,Sparrow Hikaru,93,False,True,Roxanne Johnson,66,False,False
6,Sparrow Hikaru vs Roxanne Johnson,124,Roxanne Johnson dodged Sparrow Hikaru's Attack!,Sparrow Hikaru,93,False,True,Roxanne Johnson,66,True,False
6,Sparrow Hikaru vs Roxanne Johnson,120,Roxanne Johnson Attacks Sparrow Hikaru!,Sparrow Hikaru,21,False,False,Roxanne Johnson,66,False,True
6,Sparrow Hikaru vs Roxanne Johnson,108,Roxanne Johnson dodged Sparrow Hikaru's Attack!,Sparrow Hikaru,21,False,True,Roxanne Johnson,66,True,False
6,Sparrow Hikaru vs Roxanne Johnson,100,Roxanne Johnson Attacks Sparrow Hikaru!,Sparrow Hikaru,3,False,False,Roxanne Johnson,66,False,True
6,Sparrow Hikaru vs Roxanne Johnson,92,Sparrow Hikaru Attacks Roxanne Johnson!,Sparrow Hikaru,3,False,True,Roxanne Johnson,57,False,False
6,Sparrow Hikaru vs Roxanne Johnson,80,Sparrow Hikaru dodged Roxanne Johnson's Attack!,Sparrow Hikaru,3,True,False,Roxanne Johnson,57,False,True
6,Sparrow Hikaru vs Roxanne Johnson,76,Sparrow Hikaru Attacks Roxanne Johnson!,Sparrow Hikaru,3,False,True,Roxanne Johnson,54,False,False
6,Sparrow Hikaru vs Roxanne Johnson,60,Roxanne Johnson Attacks Sparrow Hikaru!,Sparrow Hikaru,0,False,False,Roxanne Johnson,54,False,True
6,Sparrow Hikaru vs Roxanne Johnson,60,Sparrow Hikaru has been Defeated!,Sparrow Hikaru,0,False,False,Roxanne Johnson,54,False,False
6,Sparrow Hikaru vs Roxanne Johnson,60,Roxanne Johnson wins the fight!,Sparrow Hikaru,0,False,False,Roxanne Johnson,54,False,False
7,Yusuke Chen vs Roxanne Johnson,300,Fight starts!,Yusuke Chen,144,False,False,Roxanne Johnson,81,False,False
7,Yusuke Chen vs Roxanne Johnson,285,Yusuke Chen Attacks Roxanne Johnson!,Yusuke Chen,144,False,True,Roxanne Johnson,0,False,False
7,Yusuke Chen vs Roxanne Johnson,285,Roxanne Johnson has been Defeated!,Yusuke Chen,144,False,False,Roxanne Johnson,0,False,False
7,Yusuke Chen vs Roxanne Johnson,285,Yusuke Chen wins the fight!,Yusuke Chen,144,False,False,Roxanne Johnson,0,False,False
8,Shinji Black vs Jason White,300,Fight starts!,Shinji Black,252,False,False,Jason White,174,False,False
8,Shinji Black vs Jason White,287,Jason White Attacks Shinji Black!,Shinji Black,225,False,False,Jason White,174,False,True
8,Shinji Black vs Jason White,286,Shinji Black Attacks Jason White!,Shinji Black,225,False,True,Jason White,168,False,False
8,Shinji Black vs Jason White,274,Jason White Attacks Shinji Black!,Shinji Black,219,False,False,Jason White,168,False,True
8,Shinji Black vs Jason White,272,Shinji Black Attacks Jason White!,Shinji Black,219,False,True,Jason White,159,False,False
8,Shinji Black vs Jason White,261,Jason White Attacks Shinji Black!,Shinji Black,204,False,False,Jason White,159,False,True
8,Shinji Black vs Jason White,258,Jason White dodged Shinji Black's Attack!,Shinji Black,204,False,True,Jason White,159,True,False
8,Shinji Black vs Jason White,248,Jason White Attacks Shinji Black!,Shinji Black,195,False,False,Jason White,159,False,True
8,Shinji Black vs Jason White,244,Shinji Black Attacks Jason White!,Shinji Black,195,False,True,Jason White,147,False,False
8,Shinji Black vs Jason White,235,Jason White Attacks Shinji Black!,Shinji Black,177,False,False,Jason White,147,False,True
8,Shinji Black vs Jason White,230,Jason White dodged Shinji Black's Attack!,Shinji Black,177,False,True,Jason White,147,True,False
8,Shinji Black vs Jason White,222,Shinji Black dodged Jason White's Attack!,Shinji Black,177,True,False,Jason White,147,False,True
8,Shinji Black vs Jason White,216,Shinji Black Attacks Jason White!,Shinji Black,177,False,True,Jason White,135,False,False
8,Shinji Black vs Jason White,209,Jason White Attacks Shinji Black!,Shinji Black,168,False,False,Jason White,135,False,True
8,Shinji Black vs Jason White,202,Shinji Black Attacks Jason White!,Shinji Black,168,False,True,Jason White,120,False,False
8,Shinji Black vs Jason White,196,Shinji Black dodged Jason White's Attack!,Shinji Black,168,True,False,Jason White,120,False,True
8,Shinji Black vs Jason White,188,Shinji Black Attacks Jason White!,Shinji Black,168,False,True,Jason White,114,False,False
8,Shinji Black vs Jason White,183,Shinji Black dodged Jason White's Attack!,Shinji Black,168,True,False,Jason White,114,False,True
8,Shinji Black vs Jason White,174,Shinji Black Attacks Jason White!,Shinji Black,168,False,True,Jason White,102,False,False
8,Shinji Black vs Jason White,170,Jason White Attacks Shinji Black!,Shinji Black,153,False,False,Jason White,102,False,True
8,Shinji Black vs Jason White,160,Jason White dodged Shinji Black's Attack!,Shinji Black,153,False,True,Jason White,102,True,False
8,Shinji Black vs Jason White,157,Jason White Attacks Shinji Black!,Shinji Black,126,False,False,Jason White,102,False,True
8,Shinji Black vs Jason White,146,Shinji Black Attacks Jason White!,Shinji Black,126,False,True,Jason White,96,False,False
8,Shinji Black vs Jason White,144,Jason White Attacks Shinji Black!,Shinji Black,105,False,False,Jason White,96,False,True
8,Shinji Black vs Jason White,132,Shinji Black Attacks Jason White!,Shinji Black,105,False,True,Jason White,87,False,False
8,Shinji Black vs Jason White,131,Jason White Attacks Shinji Black!,Shinji Black,84,False,False,Jason White,87,False,True
8,Shinji Black vs Jason White,118,Jason White Attacks Shinji Black!,Shinji Black,63,False,False,Jason White,87,False,True
8,Shinji Black vs Jason White,118,Shinji Black Attacks Jason White!,Shinji Black,63,False,True,Jason White,81,False,False
8,Shinji Black vs Jason White,105,Jason White Attacks Shinji Black!,Shinji Black,39,False,False,Jason White,81,False,True
8,Shinji Black vs Jason White,104,Shinji Black Attacks Jason White!,Shinji Black,39,False,True,Jason White,78,False,False
8,Shinji Black vs Jason White,92,Jason White Attacks Shinji Black!,Shinji Black,27,False,False,Jason White,78,False,True
8,Shinji Black vs Jason White,90,Jason White dodged Shinji Black's Attack!,Shinji Black,27,False,True,Jason White,78,True,False
8,Shinji Black vs Jason White,79,Shinji Black dodged Jason White's Attack!,Shinji Black,27,True,False,Jason White,78,False,True
8,Shinji Black vs Jason White,76,Jason White dodged Shinji Black's Attack!,Shinji Black,27,False,True,Jason White,78,True,False
8,Shinji Black vs Jason White,66,Jason White Attacks Shinji Black!,Shinji Black,15,False,False,Jason White,78,False,True
8,Shinji Black vs Jason White,62,Shinji Black Attacks Jason White!,Shinji Black,15,False,True,Jason White,72,False,False
8,Shinji Black vs Jason White,53,Jason White Attacks Shinji Black!,Shinji Black,6,False,False,Jason White,72,False,True
8,Shinji Black vs Jason White,48,Shinji Black Attacks Jason White!,Shinji Black,6,False,True,Jason White,57,False,False
8,Shinji Black vs Jason White,40,Jason White Attacks Shinji Black!,Shinji Black,3,False,False,Jason White,57,False,True
8,Shinji Black vs Jason White,34,Shinji Black Attacks Jason White!,Shinji Black,3,False,True,Jason White,54,False,False
8,Shinji Black vs Jason White,27,Shinji Black dodged Jason White's Attack!,Shinji Black,3,True,False,Jason White,54,False,True
8,Shinji Black vs Jason White,20,Shinji Black Attacks Jason White!,Shinji Black,3,False,True,Jason White,51,False,False
8,Shinji Black vs Jason White,14,Jason White Attacks Shinji Black!,Shinji Black,0,False,False,Jason White,51,False,True
8,Shinji Black vs Jason White,14,Shinji Black has been Defeated!,Shinji Black,0,False,False,Jason White,51,False,False
8,Shinji Black vs Jason White,14,Jason White wins the fight!,Shinji Black,0,False,False,Jason White,51,False,False
9,Shinji Hikaru vs Maximus Snow,300,Fight starts!,Shinji Hikaru,174,False,False,Maximus Snow,144,False,False
9,Shinji Hikaru vs Maximus Snow,284,Shinji Hikaru Attacks Maximus Snow!,Shinji Hikaru,174,False,True,Maximus Snow,138,False,False
9,Shinji Hikaru vs Maximus Snow,280,Shinji Hikaru dodged Maximus Snow's Attack!,Shinji Hikaru,174,True,False,Maximus Snow,138,False,True
9,Shinji Hikaru vs Maximus Snow,268,Maximus Snow dodged Shinji Hikaru's Attack!,Shinji Hikaru,174,False,True,Maximus Snow,138,True,False
9,Shinji Hikaru vs Maximus Snow,260,Maximus Snow Attacks Shinji Hikaru!,Shinji Hikaru,39,False,False,Maximus Snow,138,False,True
9,Shinji Hikaru vs Maximus Snow,252,Maximus Snow dodged Shinji Hikaru's Attack!,Shinji Hikaru,39,False,True,Maximus Snow,138,True,False
9,Shinji Hikaru vs Maximus Snow,240,Shinji Hikaru dodged Maximus Snow's Attack!,Shinji Hikaru,39,True,False,Maximus Snow,138,False,True
9,Shinji Hikaru vs Maximus Snow,236,Shinji Hikaru Attacks Maximus Snow!,Shinji Hikaru,39,False,True,Maximus Snow,132,False,False
9,Shinji Hikaru vs Maximus Snow,220,Shinji Hikaru dodged Maximus Snow's Attack!,Shinji Hikaru,39,True,False,Maximus Snow,132,False,True
9,Shinji Hikaru vs Maximus Snow,220,Shinji Hikaru Attacks Maximus Snow!,Shinji Hikaru,39,False,True,Maximus Snow,126,False,False
9,Shinji Hikaru vs Maximus Snow,204,Shinji Hikaru Attacks Maximus Snow!,Shinji Hikaru,39,False,True,Maximus Snow,120,False,False
9,Shinji Hikaru vs Maximus Snow,200,Shinji Hikaru dodged Maximus Snow's Attack!,Shinji Hikaru,39,True,False,Maximus Snow,120,False,True
9,Shinji Hikaru vs Maximus Snow,188,Maximus Snow dodged Shinji Hikaru's Attack!,Shinji Hikaru,39,False,True,Maximus Snow,120,True,False
9,Shinji Hikaru vs Maximus Snow,180,Shinji Hikaru dodged Maximus Snow's Attack!,Shinji Hikaru,39,True,False,Maximus Snow,120,False,True
9,Shinji Hikaru vs Maximus Snow,172,Shinji Hikaru Attacks Maximus Snow!,Shinji Hikaru,39,False,True,Maximus Snow,114,False,False
9,Shinji Hikaru vs Maximus Snow,160,Maximus Snow Attacks Shinji Hikaru!,Shinji Hikaru,0,False,False,Maximus Snow,114,False,True
9,Shinji Hikaru vs Maximus Snow,160,Shinji Hikaru has been Defeated!,Shinji Hikaru,0,False,False,Maximus Snow,114,False,False
9,Shinji Hikaru vs Maximus Snow,160,Maximus Snow wins the fight!,Shinji Hikaru,0,False,False,Maximus Snow,114,False,False
10,Jason White vs Maximus Snow,300,Fight starts!,Jason White,76,False,False,Maximus Snow,144,False,False
10,Jason White vs Maximus Snow,287,Jason White Attacks Maximus Snow!,Jason White,76,False,True,Maximus Snow,129,False,False
10,Jason White vs Maximus Snow,280,Maximus Snow Attacks Jason White!,Jason White,0,False,False,Maximus Snow,129,False,True
10,Jason White vs Maximus Snow,280,Jason White has been Defeated!,Jason White,0,False,False,Maximus Snow,129,False,False
10,Jason White vs Maximus Snow,280,Maximus Snow wins the fight!,Jason White,0,False,False,Maximus Snow,129,False,False
11,Alexa Green vs Vibey Sun,300,Fight starts!,Alexa Green,144,False,False,Vibey Sun,156,False,False
11,Alexa Green vs Vibey Sun,290,Vibey Sun Attacks Alexa Green!,Alexa Green,135,False,False,Vibey Sun,156,False,True
11,Alexa Green vs Vibey Sun,280,Alexa Green dodged Vibey Sun's Attack!,Alexa Green,135,True,False,Vibey Sun,156,False,True
11,Alexa Green vs Vibey Sun,280,Alexa Green Attacks Vibey Sun!,Alexa Green,135,False,True,Vibey Sun,60,False,False
11,Alexa Green vs Vibey Sun,270,Vibey Sun Attacks Alexa Green!,Alexa Green,126,False,False,Vibey Sun,60,False,True
11,Alexa Green vs Vibey Sun,260,Alexa Green dodged Vibey Sun's Attack!,Alexa Green,126,True,False,Vibey Sun,60,False,True
11,Alexa Green vs Vibey Sun,260,Alexa Green Attacks Vibey Sun!,Alexa Green,126,False,True,Vibey Sun,36,False,False
11,Alexa Green vs Vibey Sun,250,Vibey Sun Attacks Alexa Green!,Alexa Green,111,False,False,Vibey Sun,36,False,True
11,Alexa Green vs Vibey Sun,240,Alexa Green Attacks Vibey Sun!,Alexa Green,111,False,True,Vibey Sun,0,False,False
11,Alexa Green vs Vibey Sun,240,Vibey Sun has been Defeated!,Alexa Green,111,False,False,Vibey Sun,0,False,False
11,Alexa Green vs Vibey Sun,240,Alexa Green wins the fight!,Alexa Green,111,False,False,Vibey Sun,0,False,False
12,Jason X vs Jack Chen,300,Fight starts!,Jason X,156,False,False,Jack Chen,240,False,False
12,Jason X vs Jack Chen,290,Jason X Attacks Jack Chen!,Jason X,156,False,True,Jack Chen,231,False,False
12,Jason X vs Jack Chen,285,Jack Chen Attacks Jason X!,Jason X,126,False,False,Jack Chen,231,False,True
12,Jason X vs Jack Chen,280,Jason X Attacks Jack Chen!,Jason X,126,False,True,Jack Chen,216,False,False
12,Jason X vs Jack Chen,270,Jack Chen dodged Jason X's Attack!,Jason X,126,False,True,Jack Chen,216,True,False
12,Jason X vs Jack Chen,270,Jason X dodged Jack Chen's Attack!,Jason X,126,True,False,Jack Chen,216,False,True
12,Jason X vs Jack Chen,260,Jason X Attacks Jack Chen!,Jason X,126,False,True,Jack Chen,210,False,False
12,Jason X vs Jack Chen,255,Jason X dodged Jack Chen's Attack!,Jason X,126,True,False,Jack Chen,210,False,True
12,Jason X vs Jack Chen,250,Jason X Attacks Jack Chen!,Jason X,126,False,True,Jack Chen,207,False,False
12,Jason X vs Jack Chen,240,Jason X dodged Jack Chen's Attack!,Jason X,126,True,False,Jack Chen,207,False,True
12,Jason X vs Jack Chen,240,Jason X Attacks Jack Chen!,Jason X,126,False,True,Jack Chen,201,False,False
12,Jason X vs Jack Chen,230,Jason X Attacks Jack Chen!,Jason X,126,False,True,Jack Chen,189,False,False
12,Jason X vs Jack Chen,225,Jason X dodged Jack Chen's Attack!,Jason X,126,True,False,Jack Chen,189,False,True
12,Jason X vs Jack Chen,220,Jason X Attacks Jack Chen!,Jason X,126,False,True,Jack Chen,183,False,False
12,Jason X vs Jack Chen,210,Jason X Attacks Jack Chen!,Jason X,126,False,True,Jack Chen,177,False,False
12,Jason X vs Jack Chen,210,Jack Chen Attacks Jason X!,Jason X,66,False,False,Jack Chen,177,False,True
12,Jason X vs Jack Chen,200,Jack Chen dodged Jason X's Attack!,Jason X,66,False,True,Jack Chen,177,True,False
12,Jason X vs Jack Chen,195,Jack Chen Attacks Jason X!,Jason X,6,False,False,Jack Chen,177,False,True
12,Jason X vs Jack Chen,190,Jason X Attacks Jack Chen!,Jason X,6,False,True,Jack Chen,162,False,False
12,Jason X vs Jack Chen,180,Jason X Attacks Jack Chen!,Jason X,6,False,True,Jack Chen,150,False,False
12,Jason X vs Jack Chen,180,Jack Chen Attacks Jason X!,Jason X,0,False,False,Jack Chen,150,False,True
12,Jason X vs Jack Chen,180,Jason X has been Defeated!,Jason X,0,False,False,Jack Chen,150,False,False
12,Jason X vs Jack Chen,180,Jack Chen wins the fight!,Jason X,0,False,False,Jack Chen,150,False,False
13,Alexa Green vs Jack Chen,300,Fight starts!,Alexa Green,144,False,False,Jack Chen,225,False,False
13,Alexa Green vs Jack Chen,285,Jack Chen Attacks Alexa Green!,Alexa Green,90,False,False,Jack Chen,225,False,True
13,Alexa Green vs Jack Chen,280,Alexa Green Attacks Jack Chen!,Alexa Green,90,False,True,Jack Chen,189,False,False
13,Alexa Green vs Jack Chen,270,Jack Chen Attacks Alexa Green!,Alexa Green,54,False,False,Jack Chen,189,False,True
13,Alexa Green vs Jack Chen,260,Alexa Green Attacks Jack Chen!,Alexa Green,54,False,True,Jack Chen,180,False,False
13,Alexa Green vs Jack Chen,255,Alexa Green dodged Jack Chen's Attack!,Alexa Green,54,True,False,Jack Chen,180,False,True
13,Alexa Green vs Jack Chen,240,Alexa Green dodged Jack Chen's Attack!,Alexa Green,54,True,False,Jack Chen,180,False,True
13,Alexa Green vs Jack Chen,240,Alexa Green Attacks Jack Chen!,Alexa Green,54,False,True,Jack Chen,168,False,False
13,Alexa Green vs Jack Chen,225,Jack Chen Attacks Alexa Green!,Alexa Green,18,False,False,Jack Chen,168,False,True
13,Alexa Green vs Jack Chen,220,Alexa Green Attacks Jack Chen!,Alexa Green,18,False,True,Jack Chen,162,False,False
13,Alexa Green vs Jack Chen,210,Jack Chen Attacks Alexa Green!,Alexa Green,0,False,False,Jack Chen,162,False,True
13,Alexa Green vs Jack Chen,210,Alexa Green has been Defeated!,Alexa Green,0,False,False,Jack Chen,162,False,False
13,Alexa Green vs Jack Chen,210,Jack Chen wins the fight!,Alexa Green,0,False,False,Jack Chen,162,False,False
14,Maximus Snow vs Jack Chen,300,Fight starts!,Maximus Snow,144,False,False,Jack Chen,240,False,False
14,Maximus Snow vs Jack Chen,285,Maximus Snow dodged Jack Chen's Attack!,Maximus Snow,144,True,False,Jack Chen,240,False,True
14,Maximus Snow vs Jack Chen,280,Maximus Snow Attacks Jack Chen!,Maximus Snow,144,False,True,Jack Chen,222,False,False
14,Maximus Snow vs Jack Chen,270,Jack Chen Attacks Maximus Snow!,Maximus Snow,132,False,False,Jack Chen,222,False,True
14,Maximus Snow vs Jack Chen,260,Maximus Snow Attacks Jack Chen!,Maximus Snow,132,False,True,Jack Chen,162,False,False
14,Maximus Snow vs Jack Chen,255,Jack Chen Attacks Maximus Snow!,Maximus Snow,96,False,False,Jack Chen,162,False,True
14,Maximus Snow vs Jack Chen,240,Maximus Snow Attacks Jack Chen!,Maximus Snow,96,False,True,Jack Chen,132,False,False
14,Maximus Snow vs Jack Chen,240,Jack Chen Attacks Maximus Snow!,Maximus Snow,84,False,False,Jack Chen,132,False,True
14,Maximus Snow vs Jack Chen,225,Maximus Snow dodged Jack Chen's Attack!,Maximus Snow,84,True,False,Jack Chen,132,False,True
14,Maximus Snow vs Jack Chen,220,Maximus Snow Attacks Jack Chen!,Maximus Snow,84,False,True,Jack Chen,126,False,False
14,Maximus Snow vs Jack Chen,210,Jack Chen Attacks Maximus Snow!,Maximus Snow,48,False,False,Jack Chen,126,False,True
14,Maximus Snow vs Jack Chen,200,Maximus Snow Attacks Jack Chen!,Maximus Snow,48,False,True,Jack Chen,108,False,False
14,Maximus Snow vs Jack Chen,195,Maximus Snow dodged Jack Chen's Attack!,Maximus Snow,48,True,False,Jack Chen,108,False,True
14,Maximus Snow vs Jack Chen,180,Maximus Snow Attacks Jack Chen!,Maximus Snow,48,False,True,Jack Chen,60,False,False
14,Maximus Snow vs Jack Chen,180,Jack Chen Attacks Maximus Snow!,Maximus Snow,36,False,False,Jack Chen,60,False,True
14,Maximus Snow vs Jack Chen,165,Maximus Snow dodged Jack Chen's Attack!,Maximus Snow,36,True,False,Jack Chen,60,False,True
14,Maximus Snow vs Jack Chen,160,Maximus Snow Attacks Jack Chen!,Maximus Snow,36,False,True,Jack Chen,54,False,False
14,Maximus Snow vs Jack Chen,150,Maximus Snow dodged Jack Chen's Attack!,Maximus Snow,36,True,False,Jack Chen,54,False,True
14,Maximus Snow vs Jack Chen,140,Maximus Snow Attacks Jack Chen!,Maximus Snow,36,False,True,Jack Chen,48,False,False
14,Maximus Snow vs Jack Chen,135,Maximus Snow dodged Jack Chen's Attack!,Maximus Snow,36,True,False,Jack Chen,48,False,True
14,Maximus Snow vs Jack Chen,120,Maximus Snow dodged Jack Chen's Attack!,Maximus Snow,36,True,False,Jack Chen,48,False,True
14,Maximus Snow vs Jack Chen,120,Maximus Snow Attacks Jack Chen!,Maximus Snow,36,False,True,Jack Chen,18,False,False
14,Maximus Snow vs Jack Chen,105,Jack Chen Attacks Maximus Snow!,Maximus Snow,24,False,False,Jack Chen,18,False,True
14,Maximus Snow vs Jack Chen,100,Maximus Snow Attacks Jack Chen!,Maximus Snow,24,False,True,Jack Chen,0,False,False
14,Maximus Snow vs Jack Chen,100,Jack Chen has been Defeated!,Maximus Snow,24,False,False,Jack Chen,0,False,False
14,Maximus Snow vs Jack Chen,100,Maximus Snow wins the fight!,Maximus Snow,24,False,False,Jack Chen,0,False,False
15,Yusuke Chen vs Maximus Snow,300,Fight starts!,Yusuke Chen,144,False,False,Maximus Snow,36,False,False
15,Yusuke Chen vs Maximus Snow,285,Maximus Snow dodged Yusuke Chen's Attack!,Yusuke Chen,144,False,True,Maximus Snow,36,True,False
15,Yusuke Chen vs Maximus Snow,280,Maximus Snow Attacks Yusuke Chen!,Yusuke Chen,60,False,False,Maximus Snow,36,False,True
15,Yusuke Chen vs Maximus Snow,270,Yusuke Chen Attacks Maximus Snow!,Yusuke Chen,60,False,True,Maximus Snow,0,False,False
15,Yusuke Chen vs Maximus Snow,270,Maximus Snow has been Defeated!,Yusuke Chen,60,False,False,Maximus Snow,0,False,False
15,Yusuke Chen vs Maximus Snow,270,Yusuke Chen wins the fight!,Yusuke Chen,60,False,False,Maximus Snow,0,False,False
16,Reginald Hikaru vs Yolanda Badass,300,Fight starts!,Reginald Hikaru,174,False,False,Yolanda Badass,174,False,False
16,Reginald Hikaru vs Yolanda Badass,287,Yolanda Badass Attacks Reginald Hikaru!,Reginald Hikaru,168,False,False,Yolanda Badass,174,False,True
16,Reginald Hikaru vs Yolanda Badass,284,Yolanda Badass dodged Reginald Hikaru's Attack!,Reginald Hikaru,168,False,True,Yolanda Badass,174,True,False
16,Reginald Hikaru vs Yolanda Badass,274,Reginald Hikaru dodged Yolanda Badass's Attack!,Reginald Hikaru,168,True,False,Yolanda Badass,174,False,True
16,Reginald Hikaru vs Yolanda Badass,268,Yolanda Badass dodged Reginald Hikaru's Attack!,Reginald Hikaru,168,False,True,Yolanda Badass,174,True,False
16,Reginald Hikaru vs Yolanda Badass,261,Yolanda Badass Attacks Reginald Hikaru!,Reginald Hikaru,141,False,False,Yolanda Badass,174,False,True
16,Reginald Hikaru vs Yolanda Badass,252,Reginald Hikaru Attacks Yolanda Badass!,Reginald Hikaru,141,False,True,Yolanda Badass,165,False,False
16,Reginald Hikaru vs Yolanda Badass,248,Reginald Hikaru dodged Yolanda Badass's Attack!,Reginald Hikaru,141,True,False,Yolanda Badass,165,False,True
16,Reginald Hikaru vs Yolanda Badass,236,Reginald Hikaru Attacks Yolanda Badass!,Reginald Hikaru,141,False,True,Yolanda Badass,162,False,False
16,Reginald Hikaru vs Yolanda Badass,235,Reginald Hikaru dodged Yolanda Badass's Attack!,Reginald Hikaru,141,True,False,Yolanda Badass,162,False,True
16,Reginald Hikaru vs Yolanda Badass,222,Yolanda Badass Attacks Reginald Hikaru!,Reginald Hikaru,117,False,False,Yolanda Badass,162,False,True
16,Reginald Hikaru vs Yolanda Badass,220,Reginald Hikaru Attacks Yolanda Badass!,Reginald Hikaru,117,False,True,Yolanda Badass,153,False,False
16,Reginald Hikaru vs Yolanda Badass,209,Reginald Hikaru dodged Yolanda Badass's Attack!,Reginald Hikaru,117,True,False,Yolanda Badass,153,False,True
16,Reginald Hikaru vs Yolanda Badass,204,Reginald Hikaru Attacks Yolanda Badass!,Reginald Hikaru,117,False,True,Yolanda Badass,150,False,False
16,Reginald Hikaru vs Yolanda Badass,196,Yolanda Badass Attacks Reginald Hikaru!,Reginald Hikaru,84,False,False,Yolanda Badass,150,False,True
16,Reginald Hikaru vs Yolanda Badass,188,Reginald Hikaru Attacks Yolanda Badass!,Reginald Hikaru,84,False,True,Yolanda Badass,147,False,False
16,Reginald Hikaru vs Yolanda Badass,183,Yolanda Badass Attacks Reginald Hikaru!,Reginald Hikaru,54,False,False,Yolanda Badass,147,False,True
16,Reginald Hikaru vs Yolanda Badass,172,Reginald Hikaru Attacks Yolanda Badass!,Reginald Hikaru,54,False,True,Yolanda Badass,144,False,False
16,Reginald Hikaru vs Yolanda Badass,170,Yolanda Badass Attacks Reginald Hikaru!,Reginald Hikaru,33,False,False,Yolanda Badass,144,False,True
16,Reginald Hikaru vs Yolanda Badass,157,Reginald Hikaru dodged Yolanda Badass's Attack!,Reginald Hikaru,33,True,False,Yolanda Badass,144,False,True
16,Reginald Hikaru vs Yolanda Badass,156,Reginald Hikaru Attacks Yolanda Badass!,Reginald Hikaru,33,False,True,Yolanda Badass,138,False,False
16,Reginald Hikaru vs Yolanda Badass,144,Yolanda Badass Attacks Reginald Hikaru!,Reginald Hikaru,12,False,False,Yolanda Badass,138,False,True
16,Reginald Hikaru vs Yolanda Badass,140,Yolanda Badass dodged Reginald Hikaru's Attack!,Reginald Hikaru,12,False,True,Yolanda Badass,138,True,False
16,Reginald Hikaru vs Yolanda Badass,131,Yolanda Badass Attacks Reginald Hikaru!,Reginald Hikaru,0,False,False,Yolanda Badass,138,False,True
16,Reginald Hikaru vs Yolanda Badass,131,Reginald Hikaru has been Defeated!,Reginald Hikaru,0,False,False,Yolanda Badass,138,False,False
16,Reginald Hikaru vs Yolanda Badass,131,Yolanda Badass wins the fight!,Reginald Hikaru,0,False,False,Yolanda Badass,138,False,False
17,Reina Hikaru vs Katsumi Jenkins,300,Fight starts!,Reina Hikaru,192,False,False,Katsumi Jenkins,144,False,False
17,Reina Hikaru vs Katsumi Jenkins,290,Reina Hikaru Attacks Katsumi Jenkins!,Reina Hikaru,192,False,True,Katsumi Jenkins,60,False,False
17,Reina Hikaru vs Katsumi Jenkins,280,Katsumi Jenkins Attacks Reina Hikaru!,Reina Hikaru,0,False,False,Katsumi Jenkins,60,False,True
17,Reina Hikaru vs Katsumi Jenkins,280,Reina Hikaru has been Defeated!,Reina Hikaru,0,False,False,Katsumi Jenkins,60,False,False
17,Reina Hikaru vs Katsumi Jenkins,280,Katsumi Jenkins wins the fight!,Reina Hikaru,0,False,False,Katsumi Jenkins,60,False,False
18,Yolanda Badass vs Katsumi Jenkins,300,Fight starts!,Yolanda Badass,174,False,False,Katsumi Jenkins,90,False,False
18,Yolanda Badass vs Katsumi Jenkins,287,Yolanda Badass Attacks Katsumi Jenkins!,Yolanda Badass,174,False,True,Katsumi Jenkins,84,False,False
18,Yolanda Badass vs Katsumi Jenkins,280,Katsumi Jenkins Attacks Yolanda Badass!,Yolanda Badass,138,False,False,Katsumi Jenkins,84,False,True
18,Yolanda Badass vs Katsumi Jenkins,274,Katsumi Jenkins dodged Yolanda Badass's Attack!,Yolanda Badass,138,False,True,Katsumi Jenkins,84,True,False
18,Yolanda Badass vs Katsumi Jenkins,261,Yolanda Badass Attacks Katsumi Jenkins!,Yolanda Badass,138,False,True,Katsumi Jenkins,60,False,False
18,Yolanda Badass vs Katsumi Jenkins,260,Katsumi Jenkins Attacks Yolanda Badass!,Yolanda Badass,72,False,False,Katsumi Jenkins,60,False,True
18,Yolanda Badass vs Katsumi Jenkins,248,Yolanda Badass Attacks Katsumi Jenkins!,Yolanda Badass,72,False,True,Katsumi Jenkins,54,False,False
18,Yolanda Badass vs Katsumi Jenkins,240,Katsumi Jenkins Attacks Yolanda Badass!,Yolanda Badass,42,False,False,Katsumi Jenkins,54,False,True
18,Yolanda Badass vs Katsumi Jenkins,235,Katsumi Jenkins dodged Yolanda Badass's Attack!,Yolanda Badass,42,False,True,Katsumi Jenkins,54,True,False
18,Yolanda Badass vs Katsumi Jenkins,222,Yolanda Badass Attacks Katsumi Jenkins!,Yolanda Badass,42,False,True,Katsumi Jenkins,33,False,False
18,Yolanda Badass vs Katsumi Jenkins,220,Katsumi Jenkins Attacks Yolanda Badass!,Yolanda Badass,0,False,False,Katsumi Jenkins,33,False,True
18,Yolanda Badass vs Katsumi Jenkins,220,Yolanda Badass has been Defeated!,Yolanda Badass,0,False,False,Katsumi Jenkins,33,False,False
18,Yolanda Badass vs Katsumi Jenkins,220,Katsumi Jenkins wins the fight!,Yolanda Badass,0,False,False,Katsumi Jenkins,33,False,False
19,Nicole Yikes vs Jennifer Utada,300,Fight starts!,Nicole Yikes,240,False,False,Jennifer Utada,252,False,False
19,Nicole Yikes vs Jennifer Utada,286,Nicole Yikes dodged Jennifer Utada's Attack!,Nicole Yikes,240,True,False,Jennifer Utada,252,False,True
19,Nicole Yikes vs Jennifer Utada,285,Jennifer Utada dodged Nicole Yikes's Attack!,Nicole Yikes,240,False,True,Jennifer Utada,252,True,False
19,Nicole Yikes vs Jennifer Utada,272,Jennifer Utada Attacks Nicole Yikes!,Nicole Yikes,207,False,False,Jennifer Utada,252,False,True
19,Nicole Yikes vs Jennifer Utada,270,Nicole Yikes Attacks Jennifer Utada!,Nicole Yikes,207,False,True,Jennifer Utada,240,False,False
19,Nicole Yikes vs Jennifer Utada,258,Jennifer Utada Attacks Nicole Yikes!,Nicole Yikes,201,False,False,Jennifer Utada,240,False,True
19,Nicole Yikes vs Jennifer Utada,255,Jennifer Utada dodged Nicole Yikes's Attack!,Nicole Yikes,201,False,True,Jennifer Utada,240,True,False
19,Nicole Yikes vs Jennifer Utada,244,Jennifer Utada Attacks Nicole Yikes!,Nicole Yikes,171,False,False,Jennifer Utada,240,False,True
19,Nicole Yikes vs Jennifer Utada,240,Jennifer Utada dodged Nicole Yikes's Attack!,Nicole Yikes,171,False,True,Jennifer Utada,240,True,False
19,Nicole Yikes vs Jennifer Utada,230,Nicole Yikes dodged Jennifer Utada's Attack!,Nicole Yikes,171,True,False,Jennifer Utada,240,False,True
19,Nicole Yikes vs Jennifer Utada,225,Jennifer Utada dodged Nicole Yikes's Attack!,Nicole Yikes,171,False,True,Jennifer Utada,240,True,False
19,Nicole Yikes vs Jennifer Utada,216,Nicole Yikes dodged Jennifer Utada's Attack!,Nicole Yikes,171,True,False,Jennifer Utada,240,False,True
19,Nicole Yikes vs Jennifer Utada,210,Jennifer Utada dodged Nicole Yikes's Attack!,Nicole Yikes,171,False,True,Jennifer Utada,240,True,False
19,Nicole Yikes vs Jennifer Utada,202,Jennifer Utada Attacks Nicole Yikes!,Nicole Yikes,144,False,False,Jennifer Utada,240,False,True
19,Nicole Yikes vs Jennifer Utada,195,Jennifer Utada dodged Nicole Yikes's Attack!,Nicole Yikes,144,False,True,Jennifer Utada,240,True,False
19,Nicole Yikes vs Jennifer Utada,188,Jennifer Utada Attacks Nicole Yikes!,Nicole Yikes,123,False,False,Jennifer Utada,240,False,True
19,Nicole Yikes vs Jennifer Utada,180,Nicole Yikes Attacks Jennifer Utada!,Nicole Yikes,123,False,True,Jennifer Utada,234,False,False
19,Nicole Yikes vs Jennifer Utada,174,Jennifer Utada Attacks Nicole Yikes!,Nicole Yikes,117,False,False,Jennifer Utada,234,False,True
19,Nicole Yikes vs Jennifer Utada,165,Jennifer Utada dodged Nicole Yikes's Attack!,Nicole Yikes,117,False,True,Jennifer Utada,234,True,False
19,Nicole Yikes vs Jennifer Utada,160,Jennifer Utada Attacks Nicole Yikes!,Nicole Yikes,105,False,False,Jennifer Utada,234,False,True
19,Nicole Yikes vs Jennifer Utada,150,Jennifer Utada dodged Nicole Yikes's Attack!,Nicole Yikes,105,False,True,Jennifer Utada,234,True,False
19,Nicole Yikes vs Jennifer Utada,146,Jennifer Utada Attacks Nicole Yikes!,Nicole Yikes,69,False,False,Jennifer Utada,234,False,True
19,Nicole Yikes vs Jennifer Utada,135,Nicole Yikes Attacks Jennifer Utada!,Nicole Yikes,69,False,True,Jennifer Utada,222,False,False
19,Nicole Yikes vs Jennifer Utada,132,Jennifer Utada Attacks Nicole Yikes!,Nicole Yikes,51,False,False,Jennifer Utada,222,False,True
19,Nicole Yikes vs Jennifer Utada,120,Nicole Yikes Attacks Jennifer Utada!,Nicole Yikes,51,False,True,Jennifer Utada,198,False,False
19,Nicole Yikes vs Jennifer Utada,118,Nicole Yikes dodged Jennifer Utada's Attack!,Nicole Yikes,51,True,False,Jennifer Utada,198,False,True
19,Nicole Yikes vs Jennifer Utada,105,Jennifer Utada dodged Nicole Yikes's Attack!,Nicole Yikes,51,False,True,Jennifer Utada,198,True,False
19,Nicole Yikes vs Jennifer Utada,104,Jennifer Utada Attacks Nicole Yikes!,Nicole Yikes,36,False,False,Jennifer Utada,198,False,True
19,Nicole Yikes vs Jennifer Utada,90,Jennifer Utada Attacks Nicole Yikes!,Nicole Yikes,3,False,False,Jennifer Utada,198,False,True
19,Nicole Yikes vs Jennifer Utada,90,Nicole Yikes Attacks Jennifer Utada!,Nicole Yikes,3,False,True,Jennifer Utada,180,False,False
19,Nicole Yikes vs Jennifer Utada,76,Jennifer Utada Attacks Nicole Yikes!,Nicole Yikes,0,False,False,Jennifer Utada,180,False,True
19,Nicole Yikes vs Jennifer Utada,76,Nicole Yikes has been Defeated!,Nicole Yikes,0,False,False,Jennifer Utada,180,False,False
19,Nicole Yikes vs Jennifer Utada,76,Jennifer Utada wins the fight!,Nicole Yikes,0,False,False,Jennifer Utada,180,False,False
20,Barry Chosen One vs Liam Bobobobo,300,Fight starts!,Barry Chosen One,144,False,False,Liam Bobobobo,144,False,False
20,Barry Chosen One vs Liam Bobobobo,280,Liam Bobobobo Attacks Barry Chosen One!,Barry Chosen One,0,False,False,Liam Bobobobo,144,False,True
20,Barry Chosen One vs Liam Bobobobo,280,Barry Chosen One has been Defeated!,Barry Chosen One,0,False,False,Liam Bobobobo,144,False,False
20,Barry Chosen One vs Liam Bobobobo,280,Liam Bobobobo wins the fight!,Barry Chosen One,0,False,False,Liam Bobobobo,144,False,False
21,Jennifer Utada vs Liam Bobobobo,300,Fight starts!,Jennifer Utada,252,False,False,Liam Bobobobo,144,False,False
21,Jennifer Utada vs Liam Bobobobo,286,Jennifer Utada Attacks Liam Bobobobo!,Jennifer Utada,252,False,True,Liam Bobobobo,129,False,False
21,Jennifer Utada vs Liam Bobobobo,280,Jennifer Utada dodged Liam Bobobobo's Attack!,Jennifer Utada,252,True,False,Liam Bobobobo,129,False,True
21,Jennifer Utada vs Liam Bobobobo,272,Jennifer Utada Attacks Liam Bobobobo!,Jennifer Utada,252,False,True,Liam Bobobobo,117,False,False
21,Jennifer Utada vs Liam Bobobobo,260,Jennifer Utada dodged Liam Bobobobo's Attack!,Jennifer Utada,252,True,False,Liam Bobobobo,117,False,True
21,Jennifer Utada vs Liam Bobobobo,258,Jennifer Utada Attacks Liam Bobobobo!,Jennifer Utada,252,False,True,Liam Bobobobo,93,False,False
21,Jennifer Utada vs Liam Bobobobo,244,Liam Bobobobo dodged Jennifer Utada's Attack!,Jennifer Utada,252,False,True,Liam Bobobobo,93,True,False
21,Jennifer Utada vs Liam Bobobobo,240,Jennifer Utada dodged Liam Bobobobo's Attack!,Jennifer Utada,252,True,False,Liam Bobobobo,93,False,True
21,Jennifer Utada vs Liam Bobobobo,230,Jennifer Utada Attacks Liam Bobobobo!,Jennifer Utada,252,False,True,Liam Bobobobo,75,False,False
21,Jennifer Utada vs Liam Bobobobo,220,Liam Bobobobo Attacks Jennifer Utada!,Jennifer Utada,192,False,False,Liam Bobobobo,75,False,True
21,Jennifer Utada vs Liam Bobobobo,216,Liam Bobobobo dodged Jennifer Utada's Attack!,Jennifer Utada,192,False,True,Liam Bobobobo,75,True,False
21,Jennifer Utada vs Liam Bobobobo,202,Jennifer Utada Attacks Liam Bobobobo!,Jennifer Utada,192,False,True,Liam Bobobobo,48,False,False
21,Jennifer Utada vs Liam Bobobobo,200,Liam Bobobobo Attacks Jennifer Utada!,Jennifer Utada,0,False,False,Liam Bobobobo,48,False,True
21,Jennifer Utada vs Liam Bobobobo,200,Jennifer Utada has been Defeated!,Jennifer Utada,0,False,False,Liam Bobobobo,48,False,False
21,Jennifer Utada vs Liam Bobobobo,200,Liam Bobobobo wins the fight!,Jennifer Utada,0,False,False,Liam Bobobobo,48,False,False
22,Katsumi Jenkins vs Liam Bobobobo,300,Fight starts!,Katsumi Jenkins,50,False,False,Liam Bobobobo,72,False,False
22,Katsumi Jenkins vs Liam Bobobobo,280,Katsumi Jenkins Attacks Liam Bobobobo!,Katsumi Jenkins,50,False,True,Liam Bobobobo,36,False,False
22,Katsumi Jenkins vs Liam Bobobobo,280,Liam Bobobobo Attacks Katsumi Jenkins!,Katsumi Jenkins,14,False,False,Liam Bobobobo,36,False,True
22,Katsumi Jenkins vs Liam Bobobobo,260,Katsumi Jenkins dodged Liam Bobobobo's Attack!,Katsumi Jenkins,14,True,False,Liam Bobobobo,36,False,True
22,Katsumi Jenkins vs Liam Bobobobo,260,Katsumi Jenkins Attacks Liam Bobobobo!,Katsumi Jenkins,14,False,True,Liam Bobobobo,6,False,False
22,Katsumi Jenkins vs Liam Bobobobo,240,Katsumi Jenkins Attacks Liam Bobobobo!,Katsumi Jenkins,14,False,True,Liam Bobobobo,0,False,False
22,Katsumi Jenkins vs Liam Bobobobo,240,Liam Bobobobo has been Defeated!,Katsumi Jenkins,14,False,False,Liam Bobobobo,0,False,False
22,Katsumi Jenkins vs Liam Bobobobo,240,Katsumi Jenkins wins the fight!,Katsumi Jenkins,14,False,False,Liam Bobobobo,0,False,False
23,Liam Hall vs Allesandra Hilltops,300,Fight starts!,Liam Hall,192,False,False,Allesandra Hilltops,174,False,False
23,Liam Hall vs Allesandra Hilltops,290,Allesandra Hilltops dodged Liam Hall's Attack!,Liam Hall,192,False,True,Allesandra Hilltops,174,True,False
23,Liam Hall vs Allesandra Hilltops,287,Allesandra Hilltops Attacks Liam Hall!,Liam Hall,186,False,False,Allesandra Hilltops,174,False,True
23,Liam Hall vs Allesandra Hilltops,280,Liam Hall Attacks Allesandra Hilltops!,Liam Hall,186,False,True,Allesandra Hilltops,78,False,False
23,Liam Hall vs Allesandra Hilltops,274,Allesandra Hilltops Attacks Liam Hall!,Liam Hall,156,False,False,Allesandra Hilltops,78,False,True
23,Liam Hall vs Allesandra Hilltops,270,Allesandra Hilltops dodged Liam Hall's Attack!,Liam Hall,156,False,True,Allesandra Hilltops,78,True,False
23,Liam Hall vs Allesandra Hilltops,261,Allesandra Hilltops Attacks Liam Hall!,Liam Hall,123,False,False,Allesandra Hilltops,78,False,True
23,Liam Hall vs Allesandra Hilltops,260,Allesandra Hilltops dodged Liam Hall's Attack!,Liam Hall,123,False,True,Allesandra Hilltops,78,True,False
23,Liam Hall vs Allesandra Hilltops,250,Allesandra Hilltops dodged Liam Hall's Attack!,Liam Hall,123,False,True,Allesandra Hilltops,78,True,False
23,Liam Hall vs Allesandra Hilltops,248,Allesandra Hilltops Attacks Liam Hall!,Liam Hall,96,False,False,Allesandra Hilltops,78,False,True
23,Liam Hall vs Allesandra Hilltops,240,Allesandra Hilltops dodged Liam Hall's Attack!,Liam Hall,96,False,True,Allesandra Hilltops,78,True,False
23,Liam Hall vs Allesandra Hilltops,235,Allesandra Hilltops Attacks Liam Hall!,Liam Hall,72,False,False,Allesandra Hilltops,78,False,True
23,Liam Hall vs Allesandra Hilltops,230,Allesandra Hilltops dodged Liam Hall's Attack!,Liam Hall,72,False,True,Allesandra Hilltops,78,True,False
23,Liam Hall vs Allesandra Hilltops,222,Allesandra Hilltops Attacks Liam Hall!,Liam Hall,42,False,False,Allesandra Hilltops,78,False,True
23,Liam Hall vs Allesandra Hilltops,220,Allesandra Hilltops dodged Liam Hall's Attack!,Liam Hall,42,False,True,Allesandra Hilltops,78,True,False
23,Liam Hall vs Allesandra Hilltops,210,Liam Hall Attacks Allesandra Hilltops!,Liam Hall,42,False,True,Allesandra Hilltops,6,False,False
23,Liam Hall vs Allesandra Hilltops,209,Allesandra Hilltops Attacks Liam Hall!,Liam Hall,18,False,False,Allesandra Hilltops,6,False,True
23,Liam Hall vs Allesandra Hilltops,200,Allesandra Hilltops dodged Liam Hall's Attack!,Liam Hall,18,False,True,Allesandra Hilltops,6,True,False
23,Liam Hall vs Allesandra Hilltops,196,Allesandra Hilltops Attacks Liam Hall!,Liam Hall,3,False,False,Allesandra Hilltops,6,False,True
23,Liam Hall vs Allesandra Hilltops,190,Allesandra Hilltops dodged Liam Hall's Attack!,Liam Hall,3,False,True,Allesandra Hilltops,6,True,False
23,Liam Hall vs Allesandra Hilltops,183,Allesandra Hilltops Attacks Liam Hall!,Liam Hall,0,False,False,Allesandra Hilltops,6,False,True
23,Liam Hall vs Allesandra Hilltops,183,Liam Hall has been Defeated!,Liam Hall,0,False,False,Allesandra Hilltops,6,False,False
23,Liam Hall vs Allesandra Hilltops,183,Allesandra Hilltops wins the fight!,Liam Hall,0,False,False,Allesandra Hilltops,6,False,False
24,Nicole Keely vs Helen Moon,300,Fight starts!,Nicole Keely,50,False,False,Helen Moon,192,False,False
24,Nicole Keely vs Helen Moon,290,Nicole Keely dodged Helen Moon's Attack!,Nicole Keely,50,True,False,Helen Moon,192,False,True
24,Nicole Keely vs Helen Moon,280,Helen Moon Attacks Nicole Keely!,Nicole Keely,0,False,False,Helen Moon,192,False,True
24,Nicole Keely vs Helen Moon,280,Nicole Keely has been Defeated!,Nicole Keely,0,False,False,Helen Moon,192,False,False
24,Nicole Keely vs Helen Moon,280,Helen Moon wins the fight!,Nicole Keely,0,False,False,Helen Moon,192,False,False
25,Allesandra Hilltops vs Helen Moon,300,Fight starts!,Allesandra Hilltops,9,False,False,Helen Moon,192,False,False
25,Allesandra Hilltops vs Helen Moon,290,Allesandra Hilltops dodged Helen Moon's Attack!,Allesandra Hilltops,9,True,False,Helen Moon,192,False,True
25,Allesandra Hilltops vs Helen Moon,287,Allesandra Hilltops Attacks Helen Moon!,Allesandra Hilltops,9,False,True,Helen Moon,168,False,False
25,Allesandra Hilltops vs Helen Moon,280,Helen Moon Attacks Allesandra Hilltops!,Allesandra Hilltops,0,False,False,Helen Moon,168,False,True
25,Allesandra Hilltops vs Helen Moon,280,Allesandra Hilltops has been Defeated!,Allesandra Hilltops,0,False,False,Helen Moon,168,False,False
25,Allesandra Hilltops vs Helen Moon,280,Helen Moon wins the fight!,Allesandra Hilltops,0,False,False,Helen Moon,168,False,False
26,Genevieve Falcon vs Jason Hilltops,300,Fight starts!,Genevieve Falcon,144,False,False,Jason Hilltops,156,False,False
26,Genevieve Falcon vs Jason Hilltops,290,Jason Hilltops Attacks Genevieve Falcon!,Genevieve Falcon,135,False,False,Jason Hilltops,156,False,True
26,Genevieve Falcon vs Jason Hilltops,280,Jason Hilltops dodged Genevieve Falcon's Attack!,Genevieve Falcon,135,False,True,Jason Hilltops,156,True,False
26,Genevieve Falcon vs Jason Hilltops,280,Jason Hilltops Attacks Genevieve Falcon!,Genevieve Falcon,120,False,False,Jason Hilltops,156,False,True
26,Genevieve Falcon vs Jason Hilltops,270,Genevieve Falcon dodged Jason Hilltops's Attack!,Genevieve Falcon,120,True,False,Jason Hilltops,156,False,True
26,Genevieve Falcon vs Jason Hilltops,260,Jason Hilltops dodged Genevieve Falcon's Attack!,Genevieve Falcon,120,False,True,Jason Hilltops,156,True,False
26,Genevieve Falcon vs Jason Hilltops,260,Genevieve Falcon dodged Jason Hilltops's Attack!,Genevieve Falcon,120,True,False,Jason Hilltops,156,False,True
26,Genevieve Falcon vs Jason Hilltops,250,Jason Hilltops Attacks Genevieve Falcon!,Genevieve Falcon,111,False,False,Jason Hilltops,156,False,True
26,Genevieve Falcon vs Jason Hilltops,240,Genevieve Falcon Attacks Jason Hilltops!,Genevieve Falcon,111,False,True,Jason Hilltops,36,False,False
26,Genevieve Falcon vs Jason Hilltops,240,Jason Hilltops Attacks Genevieve Falcon!,Genevieve Falcon,102,False,False,Jason Hilltops,36,False,True
26,Genevieve Falcon vs Jason Hilltops,230,Jason Hilltops Attacks Genevieve Falcon!,Genevieve Falcon,96,False,False,Jason Hilltops,36,False,True
26,Genevieve Falcon vs Jason Hilltops,220,Genevieve Falcon Attacks Jason Hilltops!,Genevieve Falcon,96,False,True,Jason Hilltops,0,False,False
26,Genevieve Falcon vs Jason Hilltops,220,Jason Hilltops has been Defeated!,Genevieve Falcon,96,False,False,Jason Hilltops,0,False,False
26,Genevieve Falcon vs Jason Hilltops,220,Genevieve Falcon wins the fight!,Genevieve Falcon,96,False,False,Jason Hilltops,0,False,False
27,Moses Balrog vs Yennefer Johnson,300,Fight starts!,Moses Balrog,156,False,False,Yennefer Johnson,174,False,False
27,Moses Balrog vs Yennefer Johnson,290,Moses Balrog Attacks Yennefer Johnson!,Moses Balrog,156,False,True,Yennefer Johnson,171,False,False
27,Moses Balrog vs Yennefer Johnson,287,Moses Balrog dodged Yennefer Johnson's Attack!,Moses Balrog,156,True,False,Yennefer Johnson,171,False,True
27,Moses Balrog vs Yennefer Johnson,280,Yennefer Johnson dodged Moses Balrog's Attack!,Moses Balrog,156,False,True,Yennefer Johnson,171,True,False
27,Moses Balrog vs Yennefer Johnson,274,Yennefer Johnson Attacks Moses Balrog!,Moses Balrog,84,False,False,Yennefer Johnson,171,False,True
27,Moses Balrog vs Yennefer Johnson,270,Moses Balrog Attacks Yennefer Johnson!,Moses Balrog,84,False,True,Yennefer Johnson,159,False,False
27,Moses Balrog vs Yennefer Johnson,261,Yennefer Johnson Attacks Moses Balrog!,Moses Balrog,66,False,False,Yennefer Johnson,159,False,True
27,Moses Balrog vs Yennefer Johnson,260,Yennefer Johnson dodged Moses Balrog's Attack!,Moses Balrog,66,False,True,Yennefer Johnson,159,True,False
27,Moses Balrog vs Yennefer Johnson,250,Moses Balrog Attacks Yennefer Johnson!,Moses Balrog,66,False,True,Yennefer Johnson,150,False,False
27,Moses Balrog vs Yennefer Johnson,248,Moses Balrog dodged Yennefer Johnson's Attack!,Moses Balrog,66,True,False,Yennefer Johnson,150,False,True
27,Moses Balrog vs Yennefer Johnson,240,Moses Balrog Attacks Yennefer Johnson!,Moses Balrog,66,False,True,Yennefer Johnson,135,False,False
27,Moses Balrog vs Yennefer Johnson,235,Yennefer Johnson Attacks Moses Balrog!,Moses Balrog,0,False,False,Yennefer Johnson,135,False,True
27,Moses Balrog vs Yennefer Johnson,235,Moses Balrog has been Defeated!,Moses Balrog,0,False,False,Yennefer Johnson,135,False,False
27,Moses Balrog vs Yennefer Johnson,235,Yennefer Johnson wins the fight!,Moses Balrog,0,False,False,Yennefer Johnson,135,False,False
28,Genevieve Falcon vs Yennefer Johnson,300,Fight starts!,Genevieve Falcon,144,False,False,Yennefer Johnson,174,False,False
28,Genevieve Falcon vs Yennefer Johnson,287,Yennefer Johnson Attacks Genevieve Falcon!,Genevieve Falcon,117,False,False,Yennefer Johnson,174,False,True
28,Genevieve Falcon vs Yennefer Johnson,280,Genevieve Falcon Attacks Yennefer Johnson!,Genevieve Falcon,117,False,True,Yennefer Johnson,84,False,False
28,Genevieve Falcon vs Yennefer Johnson,274,Yennefer Johnson Attacks Genevieve Falcon!,Genevieve Falcon,108,False,False,Yennefer Johnson,84,False,True
28,Genevieve Falcon vs Yennefer Johnson,261,Genevieve Falcon dodged Yennefer Johnson's Attack!,Genevieve Falcon,108,True,False,Yennefer Johnson,84,False,True
28,Genevieve Falcon vs Yennefer Johnson,260,Yennefer Johnson dodged Genevieve Falcon's Attack!,Genevieve Falcon,108,False,True,Yennefer Johnson,84,True,False
28,Genevieve Falcon vs Yennefer Johnson,248,Yennefer Johnson Attacks Genevieve Falcon!,Genevieve Falcon,84,False,False,Yennefer Johnson,84,False,True
28,Genevieve Falcon vs Yennefer Johnson,240,Yennefer Johnson dodged Genevieve Falcon's Attack!,Genevieve Falcon,84,False,True,Yennefer Johnson,84,True,False
28,Genevieve Falcon vs Yennefer Johnson,235,Genevieve Falcon dodged Yennefer Johnson's Attack!,Genevieve Falcon,84,True,False,Yennefer Johnson,84,False,True
28,Genevieve Falcon vs Yennefer Johnson,222,Yennefer Johnson Attacks Genevieve Falcon!,Genevieve Falcon,75,False,False,Yennefer Johnson,84,False,True
28,Genevieve Falcon vs Yennefer Johnson,220,Genevieve Falcon Attacks Yennefer Johnson!,Genevieve Falcon,75,False,True,Yennefer Johnson,12,False,False
28,Genevieve Falcon vs Yennefer Johnson,209,Yennefer Johnson Attacks Genevieve Falcon!,Genevieve Falcon,63,False,False,Yennefer Johnson,12,False,True
28,Genevieve Falcon vs Yennefer Johnson,200,Yennefer Johnson dodged Genevieve Falcon's Attack!,Genevieve Falcon,63,False,True,Yennefer Johnson,12,True,False
28,Genevieve Falcon vs Yennefer Johnson,196,Genevieve Falcon dodged Yennefer Johnson's Attack!,Genevieve Falcon,63,True,False,Yennefer Johnson,12,False,True
28,Genevieve Falcon vs Yennefer Johnson,183,Genevieve Falcon dodged Yennefer Johnson's Attack!,Genevieve Falcon,63,True,False,Yennefer Johnson,12,False,True
28,Genevieve Falcon vs Yennefer Johnson,180,Yennefer Johnson dodged Genevieve Falcon's Attack!,Genevieve Falcon,63,False,True,Yennefer Johnson,12,True,False
28,Genevieve Falcon vs Yennefer Johnson,170,Yennefer Johnson Attacks Genevieve Falcon!,Genevieve Falcon,42,False,False,Yennefer Johnson,12,False,True
28,Genevieve Falcon vs Yennefer Johnson,160,Yennefer Johnson dodged Genevieve Falcon's Attack!,Genevieve Falcon,42,False,True,Yennefer Johnson,12,True,False
28,Genevieve Falcon vs Yennefer Johnson,157,Yennefer Johnson Attacks Genevieve Falcon!,Genevieve Falcon,33,False,False,Yennefer Johnson,12,False,True
28,Genevieve Falcon vs Yennefer Johnson,144,Yennefer Johnson Attacks Genevieve Falcon!,Genevieve Falcon,3,False,False,Yennefer Johnson,12,False,True
28,Genevieve Falcon vs Yennefer Johnson,140,Yennefer Johnson dodged Genevieve Falcon's Attack!,Genevieve Falcon,3,False,True,Yennefer Johnson,12,True,False
28,Genevieve Falcon vs Yennefer Johnson,131,Yennefer Johnson Attacks Genevieve Falcon!,Genevieve Falcon,0,False,False,Yennefer Johnson,12,False,True
28,Genevieve Falcon vs Yennefer Johnson,131,Genevieve Falcon has been Defeated!,Genevieve Falcon,0,False,False,Yennefer Johnson,12,False,False
28,Genevieve Falcon vs Yennefer Johnson,131,Yennefer Johnson wins the fight!,Genevieve Falcon,0,False,False,Yennefer Johnson,12,False,False
29,Helen Moon vs Yennefer Johnson,300,Fight starts!,Helen Moon,192,False,False,Yennefer Johnson,18,False,False
29,Helen Moon vs Yennefer Johnson,290,Helen Moon Attacks Yennefer Johnson!,Helen Moon,192,False,True,Yennefer Johnson,0,False,False
29,Helen Moon vs Yennefer Johnson,290,Yennefer Johnson has been Defeated!,Helen Moon,192,False,False,Yennefer Johnson,0,False,False
29,Helen Moon vs Yennefer Johnson,290,Helen Moon wins the fight!,Helen Moon,192,False,False,Yennefer Johnson,0,False,False
30,Katsumi Jenkins vs Helen Moon,300,Fight starts!,Katsumi Jenkins,21,False,False,Helen Moon,192,False,False
30,Katsumi Jenkins vs Helen Moon,290,Helen Moon Attacks Katsumi Jenkins!,Katsumi Jenkins,0,False,False,Helen Moon,192,False,True
30,Katsumi Jenkins vs Helen Moon,290,Katsumi Jenkins has been Defeated!,Katsumi Jenkins,0,False,False,Helen Moon,192,False,False
30,Katsumi Jenkins vs Helen Moon,290,Helen Moon wins the fight!,Katsumi Jenkins,0,False,False,Helen Moon,192,False,False
31,Yusuke Chen vs Helen Moon,300,Fight starts!,Yusuke Chen,90,False,False,Helen Moon,192,False,False
31,Yusuke Chen vs Helen Moon,290,Helen Moon Attacks Yusuke Chen!,Yusuke Chen,60,False,False,Helen Moon,192,False,True
31,Yusuke Chen vs Helen Moon,285,Yusuke Chen Attacks Helen Moon!,Yusuke Chen,60,False,True,Helen Moon,177,False,False
31,Yusuke Chen vs Helen Moon,280,Helen Moon Attacks Yusuke Chen!,Yusuke Chen,36,False,False,Helen Moon,177,False,True
31,Yusuke Chen vs Helen Moon,270,Yusuke Chen dodged Helen Moon's Attack!,Yusuke Chen,36,True,False,Helen Moon,177,False,True
31,Yusuke Chen vs Helen Moon,270,Yusuke Chen Attacks Helen Moon!,Yusuke Chen,36,False,True,Helen Moon,57,False,False
31,Yusuke Chen vs Helen Moon,260,Yusuke Chen dodged Helen Moon's Attack!,Yusuke Chen,36,True,False,Helen Moon,57,False,True
31,Yusuke Chen vs Helen Moon,255,Yusuke Chen Attacks Helen Moon!,Yusuke Chen,36,False,True,Helen Moon,0,False,False
31,Yusuke Chen vs Helen Moon,255,Helen Moon has been Defeated!,Yusuke Chen,36,False,False,Helen Moon,0,False,False
31,Yusuke Chen vs Helen Moon,255,Yusuke Chen wins the fight!,Yusuke Chen,36,False,False,Helen Moon,0,False,False
