round_number,fight_name,combatant,combat_class,rank,max_health,health,strength,defense,agility,stamina,wisdom,fight_result,remaining_health
1,Susana Chen vs Bobobo Hisaishi,Susana Chen,MARTIAL ARTIST,WARRIOR,58,58,5,5,9,7,4,Won,1
1,Susana Chen vs Bobobo Hisaishi,Bobobo Hisaishi,MARTIAL ARTIST,WARRIOR,58,58,5,5,9,7,4,Lost,0
2,Cortana Bobobobo vs Moses Bitto,Moses Bitto,BERSERKER,ELITE,64,64,10,4,6,15,0,Won,40
2,Cortana Bobobobo vs Moses Bitto,Cortana Bobobobo,BERSERKER,WARRIOR,64,64,10,4,6,10,0,Lost,0
3,Susana Chen vs Moses Bitto,Moses Bitto,BERSERKER,ELITE,64,60,10,4,6,15,0,Won,60
3,Susana Chen vs Moses Bitto,Susana Chen,MARTIAL ARTIST,WARRIOR,58,2,5,5,9,7,4,Lost,0
4,Ryu Hall vs Happy Mysterious,Ryu Hall,TANK,WARRIOR,80,80,10,10,3,5,2,Won,46
4,Ryu Hall vs Happy Mysterious,Happy Mysterious,MARTIAL ARTIST,WARRIOR,58,58,5,5,9,7,4,Lost,0
5,Kupo X vs Cortana Hall,Kupo X,BERSERKER,WARRIOR,64,64,10,4,6,10,0,Won,44
5,Kupo X vs Cortana Hall,Cortana Hall,MARTIAL ARTIST,WARRIOR,58,58,5,5,9,7,4,Lost,0
6,Ryu Hall vs Kupo X,Ryu Hall,TANK,WARRIOR,80,69,10,10,3,5,2,Won,53
6,Ryu Hall vs Kupo X,Kupo X,BERSERKER,WARRIOR,64,64,10,4,6,10,0,Lost,0
7,Moses Bitto vs Ryu Hall,Ryu Hall,TANK,WARRIOR,80,80,10,10,3,5,2,Won,22
7,Moses Bitto vs Ryu Hall,Moses Bitto,BERSERKER,ELITE,64,64,10,4,6,15,0,Lost,0
8,Cloud Johnson vs Shaq Badass,Shaq Badass,TANK,WARRIOR,80,80,10,10,3,5,2,Won,36
8,Cloud Johnson vs Shaq Badass,Cloud Johnson,BERSERKER,MASTER,64,96.0,10,4,6,10,5,Lost,0
9,Xavier Hall vs Jason Mysterious,Jason Mysterious,HEART,ELITE,84,126.0,5,10,5,6,4,Won,77.0
9,Xavier Hall vs Jason Mysterious,Xavier Hall,TACTICIAN,ELITE,52,52,7,2,6,10,10,Lost,0
10,Shaq Badass vs Jason Mysterious,Jason Mysterious,HEART,ELITE,84,84,5,10,5,6,4,Won,57
10,Shaq Badass vs Jason Mysterious,Shaq Badass,TANK,WARRIOR,80,54,10,10,3,5,2,Lost,0
11,Xiao Bitto vs Cloud Balrog,Cloud Balrog,BERSERKER,ELITE,64,64,10,4,6,10,5,Won,46
11,Xiao Bitto vs Cloud Balrog,Xiao Bitto,BERSERKER,WARRIOR,64,64,10,4,6,10,0,Lost,0
12,Cortana Chosen One vs Henry Moon,Henry Moon,HEART,ELITE,84,84,10,10,5,6,4,Won,69
12,Cortana Chosen One vs Henry Moon,Cortana Chosen One,BERSERKER,WARRIOR,64,64,10,4,6,10,0,Lost,0
13,Cloud Balrog vs Henry Moon,Henry Moon,HEART,ELITE,84,84,10,10,5,6,4,Won,51
13,Cloud Balrog vs Henry Moon,Cloud Balrog,BERSERKER,ELITE,64,64,10,4,6,10,5,Lost,0
14,Jason Mysterious vs Henry Moon,Henry Moon,HEART,ELITE,84,76,10,10,5,6,4,Won,39
14,Jason Mysterious vs Henry Moon,Jason Mysterious,HEART,ELITE,84,84,5,10,5,6,4,Lost,36
15,Ryu Hall vs Henry Moon,Henry Moon,HEART,ELITE,84,58,10,10,5,6,4,Won,44
15,Ryu Hall vs Henry Moon,Ryu Hall,TANK,WARRIOR,80,33,10,10,3,5,2,Lost,0
16,The Hall vs Moses Jenkins,The Hall,BERSERKER,WARRIOR,64,64,10,4,6,10,0,Won,57
16,The Hall vs Moses Jenkins,Moses Jenkins,TACTICIAN,WARRIOR,52,52,2,2,6,10,10,Lost,0
17,The X vs Henry Keely,The X,BERSERKER,WARRIOR,64,64,10,4,6,10,0,Won,43
17,The X vs Henry Keely,Henry Keely,MARTIAL ARTIST,WARRIOR,58,58,5,5,9,7,4,Lost,0
18,The Hall vs The X,The X,BERSERKER,WARRIOR,64,64,10,4,6,10,0,Won,34
18,The Hall vs The X,The Hall,BERSERKER,WARRIOR,64,64,10,4,6,10,0,Lost,0
19,Bobobo Sun vs Mai Hisaishi,Mai Hisaishi,TACTICIAN,WARRIOR,52,52,2,2,6,10,10,Won,22
19,Bobobo Sun vs Mai Hisaishi,Bobobo Sun,HEART,WARRIOR,84,84,5,10,5,6,4,Lost,17
20,Cloud Sun vs Henry Balrog,Henry Balrog,HEART,MASTER,84,84,5,10,5,11,9,Won,33
20,Cloud Sun vs Henry Balrog,Cloud Sun,MARTIAL ARTIST,WARRIOR,58,58,5,5,9,7,4,Lost,0
21,Mai Hisaishi vs Henry Balrog,Henry Balrog,HEART,MASTER,84,50,5,10,5,11,9,Won,40
21,Mai Hisaishi vs Henry Balrog,Mai Hisaishi,TACTICIAN,WARRIOR,52,33,2,2,6,10,10,Lost,0
22,The X vs Henry Balrog,Henry Balrog,HEART,MASTER,84,60,5,10,5,11,9,Won,30
22,The X vs Henry Balrog,The X,BERSERKER,WARRIOR,64,51,10,4,6,10,0,Lost,0
23,Happy Chen vs Cortana Hall,Happy Chen,HEART,WARRIOR,84,84,5,10,5,6,4,Won,58
23,Happy Chen vs Cortana Hall,Cortana Hall,TANK,WARRIOR,80,80,10,10,3,5,2,Lost,30
24,Jason Lee vs Davey Keely,Jason Lee,BERSERKER,LEGENDARY,64,64,10,9,11,15,5,Won,48
24,Jason Lee vs Davey Keely,Davey Keely,BERSERKER,MASTER,64,64,10,9,6,10,5,Lost,0
25,Happy Chen vs Jason Lee,Jason Lee,BERSERKER,LEGENDARY,64,64,10,9,11,15,5,Won,46
25,Happy Chen vs Jason Lee,Happy Chen,HEART,WARRIOR,84,84,5,10,5,6,4,Lost,0
26,Cloud Hisaishi vs Henry Bobobobo,Cloud Hisaishi,BERSERKER,MASTER,64,96.0,10,4,11,10,0,Won,87.0
26,Cloud Hisaishi vs Henry Bobobobo,Henry Bobobobo,MARTIAL ARTIST,WARRIOR,58,58,5,5,9,7,4,Lost,0
27,Cortana Lee vs Moses Hisaishi,Moses Hisaishi,TACTICIAN,ELITE,52,52,2,2,6,15,10,Won,16
27,Cortana Lee vs Moses Hisaishi,Cortana Lee,HEART,WARRIOR,84,84,5,10,5,6,4,Lost,0
28,Cloud Hisaishi vs Moses Hisaishi,Cloud Hisaishi,BERSERKER,MASTER,64,64,10,4,11,10,0,Won,60
28,Cloud Hisaishi vs Moses Hisaishi,Moses Hisaishi,TACTICIAN,ELITE,52,24,2,2,6,15,10,Lost,0
29,Jason Lee vs Cloud Hisaishi,Jason Lee,BERSERKER,LEGENDARY,64,64,10,9,11,15,5,Won,62
29,Jason Lee vs Cloud Hisaishi,Cloud Hisaishi,BERSERKER,MASTER,64,64,10,4,11,10,0,Lost,0
30,Henry Balrog vs Jason Lee,Jason Lee,BERSERKER,LEGENDARY,64,64,10,9,11,15,5,Won,27
30,Henry Balrog vs Jason Lee,Henry Balrog,HEART,MASTER,84,45,5,10,5,11,9,Lost,0
31,Henry Moon vs Jason Lee,Jason Lee,BERSERKER,LEGENDARY,64,40,10,9,11,15,5,Won,33
31,Henry Moon vs Jason Lee,Henry Moon,HEART,ELITE,84,66,10,10,5,6,4,Lost,0
32,Shaq Sun vs Davey Balrog,Davey Balrog,TACTICIAN,ELITE,52,78.0,2,2,6,10,10,Won,53.0
32,Shaq Sun vs Davey Balrog,Shaq Sun,TACTICIAN,MASTER,52,52,2,7,6,10,15,Lost,15
33,Susana Nevers vs Mei Chen,Susana Nevers,TACTICIAN,MASTER,52,52,7,2,11,10,10,Won,19
33,Susana Nevers vs Mei Chen,Mei Chen,MARTIAL ARTIST,WARRIOR,58,58,5,5,9,7,4,Lost,0
34,Davey Balrog vs Susana Nevers,Susana Nevers,TACTICIAN,MASTER,52,28,7,2,11,10,10,Won,26
34,Davey Balrog vs Susana Nevers,Davey Balrog,TACTICIAN,ELITE,52,52,2,2,6,10,10,Lost,0
35,Ken Bobobobo vs Davey Moon,Davey Moon,BERSERKER,WARRIOR,64,64,10,4,6,10,0,Won,40
35,Ken Bobobobo vs Davey Moon,Ken Bobobobo,MARTIAL ARTIST,WARRIOR,58,58,5,5,9,7,4,Lost,0
36,Ryu Yikes vs Davey Lee,Davey Lee,HEART,WARRIOR,84,84,5,10,5,6,4,Won,60
36,Ryu Yikes vs Davey Lee,Ryu Yikes,TANK,WARRIOR,80,80,10,10,3,5,2,Lost,41
37,Davey Moon vs Davey Lee,Davey Lee,HEART,WARRIOR,84,84,5,10,5,6,4,Won,3
37,Davey Moon vs Davey Lee,Davey Moon,BERSERKER,WARRIOR,64,60,10,4,6,10,0,Lost,0
38,Susana Nevers vs Davey Lee,Susana Nevers,TACTICIAN,MASTER,52,39,7,2,11,10,10,Won,30
38,Susana Nevers vs Davey Lee,Davey Lee,HEART,WARRIOR,84,4,5,10,5,6,4,Lost,0
39,Cloud Balrog vs Ryu Keely,Ryu Keely,MARTIAL ARTIST,WARRIOR,58,58,5,5,9,7,4,Won,17
39,Cloud Balrog vs Ryu Keely,Cloud Balrog,TACTICIAN,WARRIOR,52,52,2,2,6,10,10,Lost,0
40,Kupo Bitto vs Bobobo Hisaishi,Kupo Bitto,MARTIAL ARTIST,WARRIOR,58,58,5,5,9,7,4,Won,3
40,Kupo Bitto vs Bobobo Hisaishi,Bobobo Hisaishi,TANK,WARRIOR,80,80,10,10,3,5,2,Lost,0
41,Ryu Keely vs Kupo Bitto,Ryu Keely,MARTIAL ARTIST,WARRIOR,58,26,5,5,9,7,4,Won,20
41,Ryu Keely vs Kupo Bitto,Kupo Bitto,MARTIAL ARTIST,WARRIOR,58,4,5,5,9,7,4,Lost,0
42,Bobobo Balrog vs Moses Moon,Bobobo Balrog,HEART,WARRIOR,84,84,5,10,5,6,4,Won,44
42,Bobobo Balrog vs Moses Moon,Moses Moon,TACTICIAN,ELITE,52,52,7,2,6,10,10,Lost,0
43,Xavier Lee vs Susana Chosen One,Susana Chosen One,TANK,WARRIOR,80,80,10,10,3,5,2,Won,34
43,Xavier Lee vs Susana Chosen One,Xavier Lee,MARTIAL ARTIST,ELITE,58,58,5,5,9,7,9,Lost,0
44,Bobobo Balrog vs Susana Chosen One,Bobobo Balrog,HEART,WARRIOR,84,66,5,10,5,6,4,Won,46
44,Bobobo Balrog vs Susana Chosen One,Susana Chosen One,TANK,WARRIOR,80,51,10,10,3,5,2,Lost,0
45,Ryu Keely vs Bobobo Balrog,Bobobo Balrog,HEART,WARRIOR,84,69,5,10,5,6,4,Won,24
45,Ryu Keely vs Bobobo Balrog,Ryu Keely,MARTIAL ARTIST,WARRIOR,58,30,5,5,9,7,4,Lost,0
46,Susana Nevers vs Bobobo Balrog,Susana Nevers,TACTICIAN,MASTER,52,45,7,2,11,10,10,Won,45
46,Susana Nevers vs Bobobo Balrog,Bobobo Balrog,HEART,WARRIOR,84,36,5,10,5,6,4,Lost,0
47,Xavier Jenkins vs Kupo Bitto,Kupo Bitto,TACTICIAN,MASTER,52,78.0,2,2,6,10,15,Won,51.0
47,Xavier Jenkins vs Kupo Bitto,Xavier Jenkins,TACTICIAN,WARRIOR,52,52,2,2,6,10,10,Lost,13
48,Cortana X vs Kupo Nevers,Kupo Nevers,TANK,WARRIOR,80,80,10,10,3,5,2,Won,14
48,Cortana X vs Kupo Nevers,Cortana X,MARTIAL ARTIST,WARRIOR,58,58,5,5,9,7,4,Lost,0
49,Kupo Bitto vs Kupo Nevers,Kupo Bitto,TACTICIAN,MASTER,52,52,2,2,6,10,15,Won,4
49,Kupo Bitto vs Kupo Nevers,Kupo Nevers,TANK,WARRIOR,80,21,10,10,3,5,2,Lost,0
50,Cloud Chen vs The Balrog,Cloud Chen,BERSERKER,WARRIOR,64,64,10,4,6,10,0,Won,53
50,Cloud Chen vs The Balrog,The Balrog,MARTIAL ARTIST,WARRIOR,58,58,5,5,9,7,4,Lost,0
51,Cloud Sun vs Xavier Hisaishi,Xavier Hisaishi,HEART,WARRIOR,84,84,5,10,5,6,4,Won,15
51,Cloud Sun vs Xavier Hisaishi,Cloud Sun,TACTICIAN,WARRIOR,52,52,2,2,6,10,10,Lost,0
52,Cloud Chen vs Xavier Hisaishi,Cloud Chen,BERSERKER,WARRIOR,64,64,10,4,6,10,0,Won,39
52,Cloud Chen vs Xavier Hisaishi,Xavier Hisaishi,HEART,WARRIOR,84,22,5,10,5,6,4,Lost,0
53,Kupo Bitto vs Cloud Chen,Cloud Chen,BERSERKER,WARRIOR,64,58,10,4,6,10,0,Won,56
53,Kupo Bitto vs Cloud Chen,Kupo Bitto,TACTICIAN,MASTER,52,6,2,2,6,10,15,Lost,0
54,Moses Bitto vs Moses Chen,Moses Chen,HEART,MASTER,84,84,5,15,5,6,9,Won,46
54,Moses Bitto vs Moses Chen,Moses Bitto,MARTIAL ARTIST,WARRIOR,58,58,5,5,9,7,4,Lost,18
55,Shaq Mysterious vs Henry Bobobobo,Henry Bobobobo,BERSERKER,MASTER,64,64,10,4,11,15,0,Won,64
55,Shaq Mysterious vs Henry Bobobobo,Shaq Mysterious,BERSERKER,WARRIOR,64,64,10,4,6,10,0,Lost,0
56,Moses Chen vs Henry Bobobobo,Henry Bobobobo,BERSERKER,MASTER,64,64,10,4,11,15,0,Won,40
56,Moses Chen vs Henry Bobobobo,Moses Chen,HEART,MASTER,84,69,5,15,5,6,9,Lost,0
57,Ken Moon vs Moses Mysterious,Ken Moon,BERSERKER,ELITE,64,64,10,9,6,10,0,Won,23
57,Ken Moon vs Moses Mysterious,Moses Mysterious,TANK,WARRIOR,80,80,10,10,3,5,2,Lost,12
58,Ryu Chen vs Ryu Hall,Ryu Chen,TACTICIAN,MASTER,52,52,2,7,11,10,10,Won,33
58,Ryu Chen vs Ryu Hall,Ryu Hall,HEART,WARRIOR,84,84,5,10,5,6,4,Lost,0
59,Ken Moon vs Ryu Chen,Ryu Chen,TACTICIAN,MASTER,52,50,2,7,11,10,10,Won,50
59,Ken Moon vs Ryu Chen,Ken Moon,BERSERKER,ELITE,64,34,10,9,6,10,0,Lost,0
60,Henry Bobobobo vs Ryu Chen,Henry Bobobobo,BERSERKER,MASTER,64,60,10,4,11,15,0,Won,30
60,Henry Bobobobo vs Ryu Chen,Ryu Chen,TACTICIAN,MASTER,52,52,2,7,11,10,10,Lost,0
61,Cloud Chen vs Henry Bobobobo,Henry Bobobobo,BERSERKER,MASTER,64,45,10,4,11,15,0,Won,21
61,Cloud Chen vs Henry Bobobobo,Cloud Chen,BERSERKER,WARRIOR,64,64,10,4,6,10,0,Lost,0
62,Susana Nevers vs Henry Bobobobo,Susana Nevers,TACTICIAN,MASTER,52,52,7,2,11,10,10,Won,52
62,Susana Nevers vs Henry Bobobobo,Henry Bobobobo,BERSERKER,MASTER,64,32,10,4,11,15,0,Lost,0
63,Jason Lee vs Susana Nevers,Jason Lee,BERSERKER,LEGENDARY,64,50,10,9,11,15,5,Won,30
63,Jason Lee vs Susana Nevers,Susana Nevers,TACTICIAN,MASTER,52,52,7,2,11,10,10,Lost,0
64,Ryu Chen vs Davey Yikes,Davey Yikes,MARTIAL ARTIST,MASTER,58,58,5,10,9,12,4,Won,22
64,Ryu Chen vs Davey Yikes,Ryu Chen,MARTIAL ARTIST,WARRIOR,58,58,5,5,9,7,4,Lost,0
65,Davey Yikes vs Mei Yikes,Mei Yikes,TACTICIAN,WARRIOR,52,52,2,2,6,10,10,Won,22
65,Davey Yikes vs Mei Yikes,Davey Yikes,MARTIAL ARTIST,WARRIOR,58,58,5,5,9,7,4,Lost,0
66,Davey Yikes vs Mei Yikes,Davey Yikes,MARTIAL ARTIST,MASTER,58,33,5,10,9,12,4,Won,25
66,Davey Yikes vs Mei Yikes,Mei Yikes,TACTICIAN,WARRIOR,52,33,2,2,6,10,10,Lost,0
67,Henry Lee vs Ryu Badass,Ryu Badass,MARTIAL ARTIST,WARRIOR,58,58,5,5,9,7,4,Won,6
67,Henry Lee vs Ryu Badass,Henry Lee,TACTICIAN,ELITE,52,52,2,2,11,10,10,Lost,0
68,Bobobo Jenkins vs Shaq Hall,Shaq Hall,HEART,ELITE,84,84,5,10,5,6,9,Won,35
68,Bobobo Jenkins vs Shaq Hall,Bobobo Jenkins,MARTIAL ARTIST,WARRIOR,58,58,5,5,9,7,4,Lost,1
69,Ryu Badass vs Shaq Hall,Shaq Hall,HEART,ELITE,84,52,5,10,5,6,9,Won,48
69,Ryu Badass vs Shaq Hall,Ryu Badass,MARTIAL ARTIST,WARRIOR,58,9,5,5,9,7,4,Lost,0
70,Davey Yikes vs Shaq Hall,Davey Yikes,MARTIAL ARTIST,MASTER,58,38,5,10,9,12,4,Won,8
70,Davey Yikes vs Shaq Hall,Shaq Hall,HEART,ELITE,84,72,5,10,5,6,9,Lost,0
71,Ken Nevers vs Bobobo Nevers,Ken Nevers,BERSERKER,ELITE,64,64,10,4,11,10,0,Won,46
71,Ken Nevers vs Bobobo Nevers,Bobobo Nevers,BERSERKER,WARRIOR,64,64,10,4,6,10,0,Lost,0
72,Happy Chen vs Bobobo Bitto,Bobobo Bitto,TANK,WARRIOR,80,80,10,10,3,5,2,Won,56
72,Happy Chen vs Bobobo Bitto,Happy Chen,BERSERKER,WARRIOR,64,64,10,4,6,10,0,Lost,0
73,Ken Nevers vs Bobobo Bitto,Bobobo Bitto,TANK,WARRIOR,80,80,10,10,3,5,2,Won,57
73,Ken Nevers vs Bobobo Bitto,Ken Nevers,BERSERKER,ELITE,64,64,10,4,11,10,0,Lost,0
74,Shaq Chen vs Davey Mysterious,Davey Mysterious,TACTICIAN,WARRIOR,52,52,2,2,6,10,10,Won,22
74,Shaq Chen vs Davey Mysterious,Shaq Chen,MARTIAL ARTIST,WARRIOR,58,58,5,5,9,7,4,Lost,0
75,Kupo Sun vs Davey Yikes,Davey Yikes,BERSERKER,WARRIOR,64,64,10,4,6,10,0,Won,2
75,Kupo Sun vs Davey Yikes,Kupo Sun,TACTICIAN,MASTER,52,52,2,7,11,10,10,Lost,0
76,Davey Mysterious vs Davey Yikes,Davey Mysterious,TACTICIAN,WARRIOR,52,33,2,2,6,10,10,Won,33
76,Davey Mysterious vs Davey Yikes,Davey Yikes,BERSERKER,WARRIOR,64,3,10,4,6,10,0,Lost,0
77,Bobobo Bitto vs Davey Mysterious,Bobobo Bitto,TANK,WARRIOR,80,80,10,10,3,5,2,Won,48
77,Bobobo Bitto vs Davey Mysterious,Davey Mysterious,TACTICIAN,WARRIOR,52,50,2,2,6,10,10,Lost,0
78,Davey Yikes vs Bobobo Bitto,Davey Yikes,MARTIAL ARTIST,MASTER,58,12,5,10,9,12,4,Won,4
78,Davey Yikes vs Bobobo Bitto,Bobobo Bitto,TANK,WARRIOR,80,72,10,10,3,5,2,Lost,0
79,Mei Nevers vs Kupo Lee,Mei Nevers,HEART,ELITE,84,84,5,10,5,6,9,Won,51
79,Mei Nevers vs Kupo Lee,Kupo Lee,MARTIAL ARTIST,MASTER,58,87.0,5,10,9,7,4,Lost,46.0
80,Cloud Yikes vs Shaq Lee,Cloud Yikes,TANK,WARRIOR,80,80,10,10,3,5,2,Won,66
80,Cloud Yikes vs Shaq Lee,Shaq Lee,BERSERKER,WARRIOR,64,64,10,4,6,10,0,Lost,0
81,Mei Nevers vs Cloud Yikes,Mei Nevers,HEART,ELITE,84,76,5,10,5,6,9,Won,60
81,Mei Nevers vs Cloud Yikes,Cloud Yikes,TANK,WARRIOR,80,80,10,10,3,5,2,Lost,38
82,Susana Hall vs Susana Yikes,Susana Hall,HEART,WARRIOR,84,84,5,10,5,6,4,Won,35
82,Susana Hall vs Susana Yikes,Susana Yikes,MARTIAL ARTIST,ELITE,58,58,5,10,9,7,4,Lost,15
83,Cloud Yikes vs Happy Bobobobo,Happy Bobobobo,TANK,WARRIOR,80,80,10,10,3,5,2,Won,53
83,Cloud Yikes vs Happy Bobobobo,Cloud Yikes,BERSERKER,WARRIOR,64,64,10,4,6,10,0,Lost,0
84,Susana Hall vs Happy Bobobobo,Happy Bobobobo,TANK,WARRIOR,80,80,10,10,3,5,2,Won,33
84,Susana Hall vs Happy Bobobobo,Susana Hall,HEART,WARRIOR,84,52,5,10,5,6,4,Lost,27
85,Mei Nevers vs Happy Bobobobo,Mei Nevers,HEART,ELITE,84,84,5,10,5,6,9,Won,62
85,Mei Nevers vs Happy Bobobobo,Happy Bobobobo,TANK,WARRIOR,80,50,10,10,3,5,2,Lost,0
86,Cloud Keely vs Happy Chosen One,Happy Chosen One,TACTICIAN,ELITE,52,52,2,2,6,15,10,Won,39
86,Cloud Keely vs Happy Chosen One,Cloud Keely,TACTICIAN,WARRIOR,52,52,2,2,6,10,10,Lost,0
87,Henry Chosen One vs Cloud Moon,Henry Chosen One,TANK,WARRIOR,80,80,10,10,3,5,2,Won,38
87,Henry Chosen One vs Cloud Moon,Cloud Moon,TACTICIAN,WARRIOR,52,52,2,2,6,10,10,Lost,0
88,Happy Chosen One vs Henry Chosen One,Henry Chosen One,TANK,WARRIOR,80,57,10,10,3,5,2,Won,25
88,Happy Chosen One vs Henry Chosen One,Happy Chosen One,TACTICIAN,ELITE,52,52,2,2,6,15,10,Lost,0
89,Shaq Keely vs Xavier Bobobobo,Shaq Keely,BERSERKER,WARRIOR,64,64,10,4,6,10,0,Won,58
89,Shaq Keely vs Xavier Bobobobo,Xavier Bobobobo,TACTICIAN,WARRIOR,52,52,2,2,6,10,10,Lost,0
90,Ryu Chosen One vs Kupo Lee,Kupo Lee,BERSERKER,ELITE,64,64,10,9,6,10,0,Won,52
90,Ryu Chosen One vs Kupo Lee,Ryu Chosen One,BERSERKER,WARRIOR,64,64,10,4,6,10,0,Lost,0
91,Shaq Keely vs Kupo Lee,Kupo Lee,BERSERKER,ELITE,64,64,10,9,6,10,0,Won,49
91,Shaq Keely vs Kupo Lee,Shaq Keely,BERSERKER,WARRIOR,64,64,10,4,6,10,0,Lost,0
92,Henry Chosen One vs Kupo Lee,Kupo Lee,BERSERKER,ELITE,64,64,10,9,6,10,0,Won,51
92,Henry Chosen One vs Kupo Lee,Henry Chosen One,TANK,WARRIOR,80,38,10,10,3,5,2,Lost,0
93,Mei Nevers vs Kupo Lee,Mei Nevers,HEART,ELITE,84,84,5,10,5,6,9,Won,28
93,Mei Nevers vs Kupo Lee,Kupo Lee,BERSERKER,ELITE,64,64,10,9,6,10,0,Lost,2
94,Davey Yikes vs Mei Nevers,Mei Nevers,HEART,ELITE,84,42,5,10,5,6,9,Won,37
94,Davey Yikes vs Mei Nevers,Davey Yikes,MARTIAL ARTIST,MASTER,58,6,5,10,9,12,4,Lost,0
95,Alexa Johnson vs Mei Bitto,Alexa Johnson,HEART,MASTER,84,84,5,10,10,6,9,Won,59
95,Alexa Johnson vs Mei Bitto,Mei Bitto,TACTICIAN,WARRIOR,52,52,2,2,6,10,10,Lost,0
96,Cloud Chen vs Shaq Mysterious,Cloud Chen,TACTICIAN,ELITE,52,52,2,2,11,10,10,Won,39
96,Cloud Chen vs Shaq Mysterious,Shaq Mysterious,TACTICIAN,WARRIOR,52,52,2,2,6,10,10,Lost,0
97,Alexa Johnson vs Cloud Chen,Alexa Johnson,HEART,MASTER,84,84,5,10,10,6,9,Won,26
97,Alexa Johnson vs Cloud Chen,Cloud Chen,TACTICIAN,ELITE,52,52,2,2,11,10,10,Lost,0
98,Ryu Nevers vs Moses Mysterious,Moses Mysterious,TACTICIAN,WARRIOR,52,52,2,2,6,10,10,Won,16
98,Ryu Nevers vs Moses Mysterious,Ryu Nevers,HEART,WARRIOR,84,84,5,10,5,6,4,Lost,14
99,Mei Hisaishi vs Shaq Nevers,Shaq Nevers,TANK,WARRIOR,80,80,10,10,3,5,2,Won,42
99,Mei Hisaishi vs Shaq Nevers,Mei Hisaishi,MARTIAL ARTIST,WARRIOR,58,58,5,5,9,7,4,Lost,0
100,Moses Mysterious vs Shaq Nevers,Shaq Nevers,TANK,WARRIOR,80,63,10,10,3,5,2,Won,39
100,Moses Mysterious vs Shaq Nevers,Moses Mysterious,TACTICIAN,WARRIOR,52,24,2,2,6,10,10,Lost,0
101,Alexa Johnson vs Shaq Nevers,Alexa Johnson,HEART,MASTER,84,39,5,10,10,6,9,Won,32
101,Alexa Johnson vs Shaq Nevers,Shaq Nevers,TANK,WARRIOR,80,58,10,10,3,5,2,Lost,0
102,Shaq Chen vs Mei Bobobobo,Mei Bobobobo,BERSERKER,WARRIOR,64,64,10,4,6,10,0,Won,37
102,Shaq Chen vs Mei Bobobobo,Shaq Chen,TACTICIAN,MASTER,52,52,2,2,11,10,15,Lost,0
103,Jason Moon vs Susana Bobobobo,Susana Bobobobo,BERSERKER,WARRIOR,64,64,10,4,6,10,0,Won,47
103,Jason Moon vs Susana Bobobobo,Jason Moon,TACTICIAN,WARRIOR,52,52,2,2,6,10,10,Lost,0
104,Mei Bobobobo vs Susana Bobobobo,Susana Bobobobo,BERSERKER,WARRIOR,64,64,10,4,6,10,0,Won,4
104,Mei Bobobobo vs Susana Bobobobo,Mei Bobobobo,BERSERKER,WARRIOR,64,56,10,4,6,10,0,Lost,0
105,Xavier Keely vs Xavier Hisaishi,Xavier Keely,BERSERKER,WARRIOR,64,64,10,4,6,10,0,Won,53
105,Xavier Keely vs Xavier Hisaishi,Xavier Hisaishi,TACTICIAN,WARRIOR,52,52,2,2,6,10,10,Lost,0
106,The Bobobobo vs Susana Hall,The Bobobobo,BERSERKER,WARRIOR,64,64,10,4,6,10,0,Won,28
106,The Bobobobo vs Susana Hall,Susana Hall,BERSERKER,WARRIOR,64,64,10,4,6,10,0,Lost,0
107,Xavier Keely vs The Bobobobo,Xavier Keely,BERSERKER,WARRIOR,64,64,10,4,6,10,0,Won,34
107,Xavier Keely vs The Bobobobo,The Bobobobo,BERSERKER,WARRIOR,64,42,10,4,6,10,0,Lost,0
108,Susana Bobobobo vs Xavier Keely,Xavier Keely,BERSERKER,WARRIOR,64,51,10,4,6,10,0,Won,51
108,Susana Bobobobo vs Xavier Keely,Susana Bobobobo,BERSERKER,WARRIOR,64,6,10,4,6,10,0,Lost,0
109,Alexa Johnson vs Xavier Keely,Alexa Johnson,HEART,MASTER,84,48,5,10,10,6,9,Won,29
109,Alexa Johnson vs Xavier Keely,Xavier Keely,BERSERKER,WARRIOR,64,64,10,4,6,10,0,Lost,0
110,Xavier Chen vs Ryu Mysterious,Ryu Mysterious,MARTIAL ARTIST,MASTER,58,87.0,10,5,9,7,4,Won,3.0
110,Xavier Chen vs Ryu Mysterious,Xavier Chen,TACTICIAN,MASTER,52,52,7,2,11,10,10,Lost,0
111,Mei Chen vs Cloud Nevers,Mei Chen,MARTIAL ARTIST,ELITE,58,58,10,5,9,7,4,Won,13
111,Mei Chen vs Cloud Nevers,Cloud Nevers,MARTIAL ARTIST,ELITE,58,58,10,5,9,7,4,Lost,0
112,Ryu Mysterious vs Mei Chen,Ryu Mysterious,MARTIAL ARTIST,MASTER,58,4,10,5,9,7,4,Won,4
112,Ryu Mysterious vs Mei Chen,Mei Chen,MARTIAL ARTIST,ELITE,58,20,10,5,9,7,4,Lost,0
113,Kupo Balrog vs Mai Jenkins,Mai Jenkins,HEART,ELITE,84,84,5,10,10,6,4,Won,60
113,Kupo Balrog vs Mai Jenkins,Kupo Balrog,TACTICIAN,WARRIOR,52,52,2,2,6,10,10,Lost,0
114,The Moon vs Happy Chosen One,The Moon,HEART,MASTER,84,84,5,15,10,6,4,Won,51
114,The Moon vs Happy Chosen One,Happy Chosen One,TACTICIAN,WARRIOR,52,52,2,2,6,10,10,Lost,0
115,Mai Jenkins vs The Moon,The Moon,HEART,MASTER,84,76,5,15,10,6,4,Won,8
115,Mai Jenkins vs The Moon,Mai Jenkins,HEART,ELITE,84,84,5,10,10,6,4,Lost,0
116,Ryu Mysterious vs The Moon,The Moon,HEART,MASTER,84,12,5,15,10,6,4,Won,3
116,Ryu Mysterious vs The Moon,Ryu Mysterious,MARTIAL ARTIST,MASTER,58,6,10,5,9,7,4,Lost,0
117,Xavier Hall vs Shaq Keely,Shaq Keely,MARTIAL ARTIST,MASTER,58,87.0,5,10,9,7,4,Won,71.0
117,Xavier Hall vs Shaq Keely,Xavier Hall,TANK,WARRIOR,80,80,10,10,3,5,2,Lost,0
118,Shaq Balrog vs Cloud Hisaishi,Shaq Balrog,HEART,WARRIOR,84,84,5,10,5,6,4,Won,42
118,Shaq Balrog vs Cloud Hisaishi,Cloud Hisaishi,TANK,ELITE,80,80,10,10,3,10,2,Lost,30
119,Shaq Keely vs Shaq Balrog,Shaq Keely,MARTIAL ARTIST,MASTER,58,58,5,10,9,7,4,Won,24
119,Shaq Keely vs Shaq Balrog,Shaq Balrog,HEART,WARRIOR,84,63,5,10,5,6,4,Lost,0
120,Henry Yikes vs Xavier Keely,Xavier Keely,MARTIAL ARTIST,WARRIOR,58,58,5,5,9,7,4,Won,24
120,Henry Yikes vs Xavier Keely,Henry Yikes,TACTICIAN,WARRIOR,52,52,2,2,6,10,10,Lost,0
121,Happy Nevers vs The Moon,The Moon,HEART,LEGENDARY,84,84,5,15,10,11,9,Won,73
121,Happy Nevers vs The Moon,Happy Nevers,TACTICIAN,WARRIOR,52,52,2,2,6,10,10,Lost,0
122,Xavier Keely vs The Moon,The Moon,HEART,LEGENDARY,84,84,5,15,10,11,9,Won,65
122,Xavier Keely vs The Moon,Xavier Keely,MARTIAL ARTIST,WARRIOR,58,36,5,5,9,7,4,Lost,0
123,Shaq Keely vs The Moon,The Moon,HEART,LEGENDARY,84,84,5,15,10,11,9,Won,80
123,Shaq Keely vs The Moon,Shaq Keely,MARTIAL ARTIST,MASTER,58,36,5,10,9,7,4,Lost,0
124,The Moon vs The Moon,The Moon,HEART,LEGENDARY,84,84,5,15,10,11,9,Won,84
124,The Moon vs The Moon,The Moon,HEART,MASTER,84,4,5,15,10,6,4,Lost,0
125,Alexa Johnson vs The Moon,The Moon,HEART,LEGENDARY,84,84,5,15,10,11,9,Won,70
125,Alexa Johnson vs The Moon,Alexa Johnson,HEART,MASTER,84,44,5,10,10,6,9,Lost,0
126,Mei Nevers vs The Moon,The Moon,HEART,LEGENDARY,84,84,5,15,10,11,9,Won,64
126,Mei Nevers vs The Moon,Mei Nevers,HEART,ELITE,84,56,5,10,5,6,9,Lost,0
127,Jason Lee vs The Moon,The Moon,HEART,LEGENDARY,84,84,5,15,10,11,9,Won,13
127,Jason Lee vs The Moon,Jason Lee,BERSERKER,LEGENDARY,64,45,10,9,11,15,5,Lost,0
128,Mei Balrog vs Ryu Nevers,Mei Balrog,BERSERKER,MASTER,64,64,10,4,11,15,0,Won,64
128,Mei Balrog vs Ryu Nevers,Ryu Nevers,MARTIAL ARTIST,WARRIOR,58,58,5,5,9,7,4,Lost,0
129,Shaq Hisaishi vs Kupo Johnson,Kupo Johnson,MARTIAL ARTIST,WARRIOR,58,58,5,5,9,7,4,Won,37
129,Shaq Hisaishi vs Kupo Johnson,Shaq Hisaishi,TACTICIAN,WARRIOR,52,52,2,2,6,10,10,Lost,0
130,Mei Balrog vs Kupo Johnson,Mei Balrog,BERSERKER,MASTER,64,64,10,4,11,15,0,Won,55
130,Mei Balrog vs Kupo Johnson,Kupo Johnson,MARTIAL ARTIST,WARRIOR,58,56,5,5,9,7,4,Lost,0
131,Susana Hall vs Susana Moon,Susana Moon,HEART,WARRIOR,84,84,5,10,5,6,4,Won,61
131,Susana Hall vs Susana Moon,Susana Hall,TANK,WARRIOR,80,80,10,10,3,5,2,Lost,19
132,The Balrog vs Shaq Johnson,The Balrog,MARTIAL ARTIST,WARRIOR,58,58,5,5,9,7,4,Won,10
132,The Balrog vs Shaq Johnson,Shaq Johnson,TACTICIAN,WARRIOR,52,52,2,2,6,10,10,Lost,0
133,Susana Moon vs The Balrog,Susana Moon,HEART,WARRIOR,84,84,5,10,5,6,4,Won,66
133,Susana Moon vs The Balrog,The Balrog,MARTIAL ARTIST,WARRIOR,58,15,5,5,9,7,4,Lost,0
134,Mei Balrog vs Susana Moon,Mei Balrog,BERSERKER,MASTER,64,64,10,4,11,15,0,Won,41
134,Mei Balrog vs Susana Moon,Susana Moon,HEART,WARRIOR,84,84,5,10,5,6,4,Lost,0
135,Jason Bobobobo vs Mei Yikes,Mei Yikes,TANK,MASTER,80,80,10,10,8,5,7,Won,61
135,Jason Bobobobo vs Mei Yikes,Jason Bobobobo,TANK,WARRIOR,80,80,10,10,3,5,2,Lost,11
136,Henry Badass vs Kupo Yikes,Kupo Yikes,TANK,MASTER,80,80,10,10,3,10,7,Won,50
136,Henry Badass vs Kupo Yikes,Henry Badass,HEART,WARRIOR,84,84,5,10,5,6,4,Lost,45
137,Mei Yikes vs Kupo Yikes,Mei Yikes,TANK,MASTER,80,80,10,10,8,5,7,Won,55
137,Mei Yikes vs Kupo Yikes,Kupo Yikes,TANK,MASTER,80,75,10,10,3,10,7,Lost,37
138,Bobobo Balrog vs Ryu Bitto,Ryu Bitto,HEART,ELITE,84,84,10,10,5,6,4,Won,62
138,Bobobo Balrog vs Ryu Bitto,Bobobo Balrog,HEART,WARRIOR,84,84,5,10,5,6,4,Lost,44
139,Mai Jenkins vs Cloud Yikes,Cloud Yikes,TANK,WARRIOR,80,80,10,10,3,5,2,Won,52
139,Mai Jenkins vs Cloud Yikes,Mai Jenkins,MARTIAL ARTIST,WARRIOR,58,58,5,5,9,7,4,Lost,0
140,Ryu Bitto vs Cloud Yikes,Ryu Bitto,HEART,ELITE,84,84,10,10,5,6,4,Won,51
140,Ryu Bitto vs Cloud Yikes,Cloud Yikes,TANK,WARRIOR,80,78,10,10,3,5,2,Lost,25
141,Mei Yikes vs Ryu Bitto,Mei Yikes,TANK,MASTER,80,80,10,10,8,5,7,Won,54
141,Mei Yikes vs Ryu Bitto,Ryu Bitto,HEART,ELITE,84,76,10,10,5,6,4,Lost,3
142,Mei Balrog vs Mei Yikes,Mei Yikes,TANK,MASTER,80,80,10,10,8,5,7,Won,53
142,Mei Balrog vs Mei Yikes,Mei Balrog,BERSERKER,MASTER,64,62,10,4,11,15,0,Lost,0
143,Jason Jenkins vs Alexa Chosen One,Alexa Chosen One,TANK,WARRIOR,80,80,10,10,3,5,2,Won,27
143,Jason Jenkins vs Alexa Chosen One,Jason Jenkins,MARTIAL ARTIST,WARRIOR,58,58,5,5,9,7,4,Lost,0
144,Ken Hall vs Davey Chen,Ken Hall,BERSERKER,ELITE,64,64,10,4,6,15,0,Won,26
144,Ken Hall vs Davey Chen,Davey Chen,MARTIAL ARTIST,MASTER,58,87.0,5,5,14,7,4,Lost,0
145,Alexa Chosen One vs Ken Hall,Alexa Chosen One,TANK,WARRIOR,80,40,10,10,3,5,2,Won,2
145,Alexa Chosen One vs Ken Hall,Ken Hall,BERSERKER,ELITE,64,39,10,4,6,15,0,Lost,0
146,Bobobo Johnson vs Shaq Mysterious,Bobobo Johnson,TANK,MASTER,80,80,15,10,3,10,2,Won,74
146,Bobobo Johnson vs Shaq Mysterious,Shaq Mysterious,BERSERKER,WARRIOR,64,64,10,4,6,10,0,Lost,0
147,Kupo Badass vs Happy Yikes,Kupo Badass,BERSERKER,ELITE,64,64,10,4,6,15,0,Won,35
147,Kupo Badass vs Happy Yikes,Happy Yikes,HEART,WARRIOR,84,84,5,10,5,6,4,Lost,0
148,Bobobo Johnson vs Kupo Badass,Bobobo Johnson,TANK,MASTER,80,80,15,10,3,10,2,Won,68
148,Bobobo Johnson vs Kupo Badass,Kupo Badass,BERSERKER,ELITE,64,52,10,4,6,15,0,Lost,0
149,Alexa Chosen One vs Bobobo Johnson,Bobobo Johnson,TANK,MASTER,80,80,15,10,3,10,2,Won,80
149,Alexa Chosen One vs Bobobo Johnson,Alexa Chosen One,TANK,WARRIOR,80,3,10,10,3,5,2,Lost,0
150,Moses Chosen One vs Bobobo Bitto,Moses Chosen One,MARTIAL ARTIST,MASTER,58,87.0,5,5,9,12,4,Won,45.0
150,Moses Chosen One vs Bobobo Bitto,Bobobo Bitto,MARTIAL ARTIST,WARRIOR,58,58,5,5,9,7,4,Lost,0
151,Mai Bobobobo vs Mai Bitto,Mai Bitto,TACTICIAN,ELITE,52,52,2,7,6,10,10,Won,34
151,Mai Bobobobo vs Mai Bitto,Mai Bobobobo,HEART,WARRIOR,84,84,5,10,5,6,4,Lost,1
152,Moses Chosen One vs Mai Bitto,Moses Chosen One,MARTIAL ARTIST,MASTER,58,58,5,5,9,12,4,Won,28
152,Moses Chosen One vs Mai Bitto,Mai Bitto,TACTICIAN,ELITE,52,51,2,7,6,10,10,Lost,0
153,Shaq Mysterious vs The Bitto,Shaq Mysterious,HEART,WARRIOR,84,84,5,10,5,6,4,Won,62
153,Shaq Mysterious vs The Bitto,The Bitto,TANK,WARRIOR,80,80,10,10,3,5,2,Lost,32
154,Shaq Chen vs Ryu Balrog,Shaq Chen,BERSERKER,MASTER,64,64,10,4,11,15,0,Won,50
154,Shaq Chen vs Ryu Balrog,Ryu Balrog,TACTICIAN,WARRIOR,52,52,2,2,6,10,10,Lost,0
155,Shaq Mysterious vs Shaq Chen,Shaq Chen,BERSERKER,MASTER,64,64,10,4,11,15,0,Won,43
155,Shaq Mysterious vs Shaq Chen,Shaq Mysterious,HEART,WARRIOR,84,84,5,10,5,6,4,Lost,0
156,Moses Chosen One vs Shaq Chen,Shaq Chen,BERSERKER,MASTER,64,64,10,4,11,15,0,Won,56
156,Moses Chosen One vs Shaq Chen,Moses Chosen One,MARTIAL ARTIST,MASTER,58,42,5,5,9,12,4,Lost,0
157,Bobobo Johnson vs Shaq Chen,Bobobo Johnson,TANK,MASTER,80,80,15,10,3,10,2,Won,22
157,Bobobo Johnson vs Shaq Chen,Shaq Chen,BERSERKER,MASTER,64,64,10,4,11,15,0,Lost,0
158,Mei Yikes vs Bobobo Johnson,Mei Yikes,TANK,MASTER,80,80,10,10,8,5,7,Won,35
158,Mei Yikes vs Bobobo Johnson,Bobobo Johnson,TANK,MASTER,80,33,15,10,3,10,2,Lost,0
159,Davey Moon vs Mei Moon,Davey Moon,BERSERKER,WARRIOR,64,64,10,4,6,10,0,Won,51
159,Davey Moon vs Mei Moon,Mei Moon,TACTICIAN,WARRIOR,52,52,2,2,6,10,10,Lost,0
160,Cloud Hisaishi vs Shaq Balrog,Cloud Hisaishi,TANK,ELITE,80,80,10,10,3,10,2,Won,41
160,Cloud Hisaishi vs Shaq Balrog,Shaq Balrog,TANK,WARRIOR,80,80,10,10,3,5,2,Lost,20
161,Davey Moon vs Cloud Hisaishi,Cloud Hisaishi,TANK,ELITE,80,62,10,10,3,10,2,Won,38
161,Davey Moon vs Cloud Hisaishi,Davey Moon,BERSERKER,WARRIOR,64,64,10,4,6,10,0,Lost,0
162,Cloud Balrog vs Ryu Hisaishi,Ryu Hisaishi,HEART,WARRIOR,84,84,5,10,5,6,4,Won,37
162,Cloud Balrog vs Ryu Hisaishi,Cloud Balrog,TACTICIAN,WARRIOR,52,52,2,2,6,10,10,Lost,0
163,Moses Badass vs Ken Chen,Moses Badass,BERSERKER,WARRIOR,64,64,10,4,6,10,0,Won,62
163,Moses Badass vs Ken Chen,Ken Chen,TACTICIAN,WARRIOR,52,52,2,2,6,10,10,Lost,0
164,Ryu Hisaishi vs Moses Badass,Ryu Hisaishi,HEART,WARRIOR,84,56,5,10,5,6,4,Won,12
164,Ryu Hisaishi vs Moses Badass,Moses Badass,BERSERKER,WARRIOR,64,64,10,4,6,10,0,Lost,0
165,Cloud Hisaishi vs Ryu Hisaishi,Cloud Hisaishi,TANK,ELITE,80,57,10,10,3,10,2,Won,41
165,Cloud Hisaishi vs Ryu Hisaishi,Ryu Hisaishi,HEART,WARRIOR,84,18,5,10,5,6,4,Lost,0
166,Bobobo Lee vs Cloud X,Bobobo Lee,HEART,WARRIOR,84,84,5,10,5,6,4,Won,23
166,Bobobo Lee vs Cloud X,Cloud X,TACTICIAN,WARRIOR,52,52,2,2,6,10,10,Lost,0
167,Jason Sun vs Davey Lee,Jason Sun,TACTICIAN,ELITE,52,52,2,2,6,10,15,Won,42
167,Jason Sun vs Davey Lee,Davey Lee,TACTICIAN,WARRIOR,52,52,2,2,6,10,10,Lost,28
168,Bobobo Lee vs Jason Sun,Jason Sun,TACTICIAN,ELITE,52,52,2,2,6,10,15,Won,28
168,Bobobo Lee vs Jason Sun,Bobobo Lee,HEART,WARRIOR,84,34,5,10,5,6,4,Lost,0
169,Mai Chen vs Davey Jenkins,Mai Chen,BERSERKER,WARRIOR,64,64,10,4,6,10,0,Won,55
169,Mai Chen vs Davey Jenkins,Davey Jenkins,MARTIAL ARTIST,ELITE,58,87.0,5,5,9,7,4,Lost,0
170,Ryu Chosen One vs Shaq Johnson,Ryu Chosen One,BERSERKER,WARRIOR,64,64,10,4,6,10,0,Won,48
170,Ryu Chosen One vs Shaq Johnson,Shaq Johnson,TACTICIAN,WARRIOR,52,52,2,2,6,10,10,Lost,0
171,Mai Chen vs Ryu Chosen One,Ryu Chosen One,BERSERKER,WARRIOR,64,64,10,4,6,10,0,Won,46
171,Mai Chen vs Ryu Chosen One,Mai Chen,BERSERKER,WARRIOR,64,64,10,4,6,10,0,Lost,0
172,Jason Sun vs Ryu Chosen One,Jason Sun,TACTICIAN,ELITE,52,42,2,2,6,10,15,Won,10
172,Jason Sun vs Ryu Chosen One,Ryu Chosen One,BERSERKER,WARRIOR,64,64,10,4,6,10,0,Lost,0
173,Cloud Hisaishi vs Jason Sun,Cloud Hisaishi,TANK,ELITE,80,62,10,10,3,10,2,Won,54
173,Cloud Hisaishi vs Jason Sun,Jason Sun,TACTICIAN,ELITE,52,15,2,2,6,10,15,Lost,0
174,Kupo Yikes vs Ryu Badass,Ryu Badass,HEART,MASTER,84,126.0,5,10,10,6,4,Won,98.0
174,Kupo Yikes vs Ryu Badass,Kupo Yikes,TANK,MASTER,80,80,10,15,3,5,7,Lost,38
175,Ryu X vs Ryu Yikes,Ryu Yikes,BERSERKER,ELITE,64,96.0,10,4,6,10,0,Won,80.0
175,Ryu X vs Ryu Yikes,Ryu X,MARTIAL ARTIST,WARRIOR,58,58,5,5,9,7,4,Lost,0
176,Ryu Badass vs Ryu Yikes,Ryu Badass,HEART,MASTER,84,84,5,10,10,6,4,Won,36
176,Ryu Badass vs Ryu Yikes,Ryu Yikes,BERSERKER,ELITE,64,64,10,4,6,10,0,Lost,0
177,Mai Hisaishi vs Kupo Badass,Kupo Badass,TACTICIAN,WARRIOR,52,52,2,2,6,10,10,Won,29
177,Mai Hisaishi vs Kupo Badass,Mai Hisaishi,TACTICIAN,WARRIOR,52,52,2,2,6,10,10,Lost,4
178,Moses Sun vs The Bitto,The Bitto,BERSERKER,WARRIOR,64,64,10,4,6,10,0,Won,38
178,Moses Sun vs The Bitto,Moses Sun,MARTIAL ARTIST,ELITE,58,58,5,5,14,7,4,Lost,0
179,Kupo Badass vs The Bitto,The Bitto,BERSERKER,WARRIOR,64,57,10,4,6,10,0,Won,33
179,Kupo Badass vs The Bitto,Kupo Badass,TACTICIAN,WARRIOR,52,44,2,2,6,10,10,Lost,0
180,Ryu Badass vs The Bitto,Ryu Badass,HEART,MASTER,84,54,5,10,10,6,4,Won,16
180,Ryu Badass vs The Bitto,The Bitto,BERSERKER,WARRIOR,64,50,10,4,6,10,0,Lost,0
181,Henry Moon vs Jason Bitto,Jason Bitto,TANK,WARRIOR,80,80,10,10,3,5,2,Won,36
181,Henry Moon vs Jason Bitto,Henry Moon,TACTICIAN,WARRIOR,52,52,2,2,6,10,10,Lost,0
182,Henry Johnson vs Davey Balrog,Davey Balrog,BERSERKER,WARRIOR,64,64,10,4,6,10,0,Won,50
182,Henry Johnson vs Davey Balrog,Henry Johnson,MARTIAL ARTIST,WARRIOR,58,58,5,5,9,7,4,Lost,0
183,Jason Bitto vs Davey Balrog,Jason Bitto,TANK,WARRIOR,80,54,10,10,3,5,2,Won,32
183,Jason Bitto vs Davey Balrog,Davey Balrog,BERSERKER,WARRIOR,64,64,10,4,6,10,0,Lost,0
184,Henry Mysterious vs Henry Badass,Henry Mysterious,MARTIAL ARTIST,MASTER,58,58,5,5,9,12,9,Won,28
184,Henry Mysterious vs Henry Badass,Henry Badass,BERSERKER,WARRIOR,64,64,10,4,6,10,0,Lost,0
185,Susana Hisaishi vs Mai Hall,Mai Hall,MARTIAL ARTIST,MASTER,58,87.0,5,5,14,7,4,Won,64.0
185,Susana Hisaishi vs Mai Hall,Susana Hisaishi,TACTICIAN,WARRIOR,52,52,2,2,6,10,10,Lost,0
186,Henry Mysterious vs Mai Hall,Henry Mysterious,MARTIAL ARTIST,MASTER,58,42,5,5,9,12,9,Won,33
186,Henry Mysterious vs Mai Hall,Mai Hall,MARTIAL ARTIST,MASTER,58,58,5,5,14,7,4,Lost,0
187,Jason Bitto vs Henry Mysterious,Henry Mysterious,MARTIAL ARTIST,MASTER,58,50,5,5,9,12,9,Won,30
187,Jason Bitto vs Henry Mysterious,Jason Bitto,TANK,WARRIOR,80,48,10,10,3,5,2,Lost,0
188,Ryu Badass vs Henry Mysterious,Henry Mysterious,MARTIAL ARTIST,MASTER,58,45,5,5,9,12,9,Won,45
188,Ryu Badass vs Henry Mysterious,Ryu Badass,HEART,MASTER,84,24,5,10,10,6,4,Lost,0
189,Cloud Hisaishi vs Henry Mysterious,Cloud Hisaishi,TANK,ELITE,80,80,10,10,3,10,2,Won,41
189,Cloud Hisaishi vs Henry Mysterious,Henry Mysterious,MARTIAL ARTIST,MASTER,58,58,5,5,9,12,9,Lost,0
190,Mei Yikes vs Cloud Hisaishi,Mei Yikes,TANK,MASTER,80,52,10,10,8,5,7,Won,31
190,Mei Yikes vs Cloud Hisaishi,Cloud Hisaishi,TANK,ELITE,80,62,10,10,3,10,2,Lost,0
191,Moses X vs Xiao Lee,Xiao Lee,TANK,WARRIOR,80,80,10,10,3,5,2,Won,52
191,Moses X vs Xiao Lee,Moses X,BERSERKER,ELITE,64,64,10,4,6,10,5,Lost,0
192,Alexa Nevers vs Jason Johnson,Jason Johnson,TACTICIAN,WARRIOR,52,52,2,2,6,10,10,Won,14
192,Alexa Nevers vs Jason Johnson,Alexa Nevers,TACTICIAN,WARRIOR,52,52,2,2,6,10,10,Lost,4
193,Xiao Lee vs Jason Johnson,Xiao Lee,TANK,WARRIOR,80,78,10,10,3,5,2,Won,66
193,Xiao Lee vs Jason Johnson,Jason Johnson,TACTICIAN,WARRIOR,52,21,2,2,6,10,10,Lost,0
194,Davey Chosen One vs Bobobo Chosen One,Davey Chosen One,TANK,WARRIOR,80,80,10,10,3,5,2,Won,26
194,Davey Chosen One vs Bobobo Chosen One,Bobobo Chosen One,MARTIAL ARTIST,WARRIOR,58,58,5,5,9,7,4,Lost,0
195,Xiao Yikes vs Mai Moon,Mai Moon,BERSERKER,WARRIOR,64,64,10,4,6,10,0,Won,44
195,Xiao Yikes vs Mai Moon,Xiao Yikes,TACTICIAN,WARRIOR,52,52,2,2,6,10,10,Lost,0
196,Davey Chosen One vs Mai Moon,Mai Moon,BERSERKER,WARRIOR,64,64,10,4,6,10,0,Won,10
196,Davey Chosen One vs Mai Moon,Davey Chosen One,TANK,WARRIOR,80,39,10,10,3,5,2,Lost,0
197,Xiao Lee vs Mai Moon,Xiao Lee,TANK,WARRIOR,80,80,10,10,3,5,2,Won,67
197,Xiao Lee vs Mai Moon,Mai Moon,BERSERKER,WARRIOR,64,15,10,4,6,10,0,Lost,0
198,Susana Hall vs Xiao Nevers,Xiao Nevers,TANK,WARRIOR,80,80,10,10,3,5,2,Won,61
198,Susana Hall vs Xiao Nevers,Susana Hall,TACTICIAN,WARRIOR,52,52,2,2,6,10,10,Lost,0
199,Alexa Badass vs Susana Hall,Susana Hall,BERSERKER,WARRIOR,64,64,10,4,6,10,0,Won,55
199,Alexa Badass vs Susana Hall,Alexa Badass,MARTIAL ARTIST,WARRIOR,58,58,5,5,9,7,4,Lost,0
200,Xiao Nevers vs Susana Hall,Xiao Nevers,TANK,WARRIOR,80,80,10,10,3,5,2,Won,64
200,Xiao Nevers vs Susana Hall,Susana Hall,BERSERKER,WARRIOR,64,64,10,4,6,10,0,Lost,0
201,Ken Balrog vs Jason Badass,Ken Balrog,HEART,WARRIOR,84,84,5,10,5,6,4,Won,25
201,Ken Balrog vs Jason Badass,Jason Badass,TACTICIAN,WARRIOR,52,52,2,2,6,10,10,Lost,0
202,Mei Lee vs Susana Moon,Mei Lee,TACTICIAN,ELITE,52,52,2,2,11,10,10,Won,23
202,Mei Lee vs Susana Moon,Susana Moon,TACTICIAN,WARRIOR,52,52,2,2,6,10,10,Lost,0
203,Ken Balrog vs Mei Lee,Ken Balrog,HEART,WARRIOR,84,38,5,10,5,6,4,Won,3
203,Ken Balrog vs Mei Lee,Mei Lee,TACTICIAN,ELITE,52,34,2,2,11,10,10,Lost,0
204,Xiao Nevers vs Ken Balrog,Xiao Nevers,TANK,WARRIOR,80,80,10,10,3,5,2,Won,70
204,Xiao Nevers vs Ken Balrog,Ken Balrog,HEART,WARRIOR,84,4,5,10,5,6,4,Lost,0
205,Xiao Lee vs Xiao Nevers,Xiao Lee,TANK,WARRIOR,80,80,10,10,3,5,2,Won,52
205,Xiao Lee vs Xiao Nevers,Xiao Nevers,TANK,WARRIOR,80,80,10,10,3,5,2,Lost,46
206,Mai Keely vs Mei Hisaishi,Mai Keely,MARTIAL ARTIST,ELITE,58,58,5,5,9,12,4,Won,36
206,Mai Keely vs Mei Hisaishi,Mei Hisaishi,MARTIAL ARTIST,WARRIOR,58,58,5,5,9,7,4,Lost,0
207,Moses Lee vs Kupo Lee,Kupo Lee,TANK,WARRIOR,80,80,10,10,3,5,2,Won,60
207,Moses Lee vs Kupo Lee,Moses Lee,MARTIAL ARTIST,WARRIOR,58,58,5,5,9,7,4,Lost,0
208,Mai Keely vs Kupo Lee,Kupo Lee,TANK,WARRIOR,80,80,10,10,3,5,2,Won,29
208,Mai Keely vs Kupo Lee,Mai Keely,MARTIAL ARTIST,ELITE,58,54,5,5,9,12,4,Lost,0
209,Kupo Mysterious vs Ken Moon,Ken Moon,BERSERKER,ELITE,64,64,10,4,11,10,0,Won,34
209,Kupo Mysterious vs Ken Moon,Kupo Mysterious,BERSERKER,WARRIOR,64,64,10,4,6,10,0,Lost,0
210,Mei Balrog vs Cloud Sun,Cloud Sun,HEART,ELITE,84,126.0,5,10,5,6,4,Won,66.0
210,Mei Balrog vs Cloud Sun,Mei Balrog,MARTIAL ARTIST,WARRIOR,58,58,5,5,9,7,4,Lost,23
211,Ken Moon vs Cloud Sun,Cloud Sun,HEART,ELITE,84,84,5,10,5,6,4,Won,8
211,Ken Moon vs Cloud Sun,Ken Moon,BERSERKER,ELITE,64,51,10,4,11,10,0,Lost,0
212,Kupo Lee vs Cloud Sun,Kupo Lee,TANK,WARRIOR,80,44,10,10,3,5,2,Won,22
212,Kupo Lee vs Cloud Sun,Cloud Sun,HEART,ELITE,84,12,5,10,5,6,4,Lost,0
213,Henry Badass vs Davey Yikes,Davey Yikes,MARTIAL ARTIST,ELITE,58,58,5,10,9,7,4,Won,30
213,Henry Badass vs Davey Yikes,Henry Badass,TACTICIAN,WARRIOR,52,52,2,2,6,10,10,Lost,0
214,Mei Bobobobo vs Xavier Hisaishi,Xavier Hisaishi,TANK,WARRIOR,80,80,10,10,3,5,2,Won,48
214,Mei Bobobobo vs Xavier Hisaishi,Mei Bobobobo,BERSERKER,WARRIOR,64,64,10,4,6,10,0,Lost,0
215,Davey Yikes vs Xavier Hisaishi,Davey Yikes,MARTIAL ARTIST,ELITE,58,45,5,10,9,7,4,Won,34
215,Davey Yikes vs Xavier Hisaishi,Xavier Hisaishi,TANK,WARRIOR,80,72,10,10,3,5,2,Lost,0
216,Shaq Keely vs Moses Chen,Shaq Keely,HEART,WARRIOR,84,84,5,10,5,6,4,Won,11
216,Shaq Keely vs Moses Chen,Moses Chen,BERSERKER,WARRIOR,64,64,10,4,6,10,0,Lost,0
217,Jason Bitto vs Moses Lee,Jason Bitto,TANK,WARRIOR,80,80,10,10,3,5,2,Won,31
217,Jason Bitto vs Moses Lee,Moses Lee,TACTICIAN,ELITE,52,52,7,2,6,10,10,Lost,0
218,Shaq Keely vs Jason Bitto,Jason Bitto,TANK,WARRIOR,80,46,10,10,3,5,2,Won,27
218,Shaq Keely vs Jason Bitto,Shaq Keely,HEART,WARRIOR,84,16,5,10,5,6,4,Lost,0
219,Davey Yikes vs Jason Bitto,Davey Yikes,MARTIAL ARTIST,ELITE,58,51,5,10,9,7,4,Won,44
219,Davey Yikes vs Jason Bitto,Jason Bitto,TANK,WARRIOR,80,40,10,10,3,5,2,Lost,0
220,Kupo Lee vs Davey Yikes,Davey Yikes,MARTIAL ARTIST,ELITE,58,58,5,10,9,7,4,Won,49
220,Kupo Lee vs Davey Yikes,Kupo Lee,TANK,WARRIOR,80,33,10,10,3,5,2,Lost,0
221,Xiao Lee vs Davey Yikes,Davey Yikes,MARTIAL ARTIST,ELITE,58,58,5,10,9,7,4,Won,44
221,Xiao Lee vs Davey Yikes,Xiao Lee,TANK,WARRIOR,80,78,10,10,3,5,2,Lost,0
222,Kupo Sun vs The Moon,The Moon,HEART,WARRIOR,84,84,5,10,5,6,4,Won,22
222,Kupo Sun vs The Moon,Kupo Sun,BERSERKER,WARRIOR,64,64,10,4,6,10,0,Lost,0
223,Xavier Moon vs Shaq Hall,Shaq Hall,MARTIAL ARTIST,WARRIOR,58,58,5,5,9,7,4,Won,23
223,Xavier Moon vs Shaq Hall,Xavier Moon,HEART,WARRIOR,84,84,5,10,5,6,4,Lost,0
224,The Moon vs Shaq Hall,Shaq Hall,MARTIAL ARTIST,WARRIOR,58,34,5,5,9,7,4,Won,13
224,The Moon vs Shaq Hall,The Moon,HEART,WARRIOR,84,33,5,10,5,6,4,Lost,0
225,Xiao Hisaishi vs Shaq Hall,Shaq Hall,HEART,WARRIOR,84,84,5,10,5,6,4,Won,13
225,Xiao Hisaishi vs Shaq Hall,Xiao Hisaishi,MARTIAL ARTIST,WARRIOR,58,58,5,5,9,7,4,Lost,12
226,Mai Bitto vs Mei Badass,Mei Badass,HEART,WARRIOR,84,84,5,10,5,6,4,Won,57
226,Mai Bitto vs Mei Badass,Mai Bitto,HEART,ELITE,84,84,5,15,5,6,4,Lost,49
227,Shaq Hall vs Mei Badass,Mei Badass,HEART,WARRIOR,84,84,5,10,5,6,4,Won,60
227,Shaq Hall vs Mei Badass,Shaq Hall,HEART,WARRIOR,84,20,5,10,5,6,4,Lost,0
228,Shaq Hall vs Mei Badass,Mei Badass,HEART,WARRIOR,84,84,5,10,5,6,4,Won,15
228,Shaq Hall vs Mei Badass,Shaq Hall,MARTIAL ARTIST,WARRIOR,58,20,5,5,9,7,4,Lost,0
229,Happy Balrog vs Cloud Nevers,Happy Balrog,TACTICIAN,MASTER,52,78.0,2,2,6,15,10,Won,14.0
229,Happy Balrog vs Cloud Nevers,Cloud Nevers,BERSERKER,WARRIOR,64,64,10,4,6,10,0,Lost,0
230,Henry Lee vs Moses Balrog,Moses Balrog,HEART,WARRIOR,84,84,5,10,5,6,4,Won,66
230,Henry Lee vs Moses Balrog,Henry Lee,TANK,WARRIOR,80,80,10,10,3,5,2,Lost,25
231,Happy Balrog vs Moses Balrog,Moses Balrog,HEART,WARRIOR,84,84,5,10,5,6,4,Won,66
231,Happy Balrog vs Moses Balrog,Happy Balrog,TACTICIAN,MASTER,52,21,2,2,6,15,10,Lost,0
232,Susana Nevers vs Xiao Bobobobo,Susana Nevers,MARTIAL ARTIST,WARRIOR,58,58,5,5,9,7,4,Won,10
232,Susana Nevers vs Xiao Bobobobo,Xiao Bobobobo,TACTICIAN,WARRIOR,52,52,2,2,6,10,10,Lost,0
233,Jason Bobobobo vs Ken Balrog,Jason Bobobobo,TANK,WARRIOR,80,80,10,10,3,5,2,Won,38
233,Jason Bobobobo vs Ken Balrog,Ken Balrog,TACTICIAN,WARRIOR,52,52,2,2,6,10,10,Lost,0
234,Susana Nevers vs Jason Bobobobo,Jason Bobobobo,TANK,WARRIOR,80,57,10,10,3,5,2,Won,54
234,Susana Nevers vs Jason Bobobobo,Susana Nevers,MARTIAL ARTIST,WARRIOR,58,15,5,5,9,7,4,Lost,0
235,Moses Balrog vs Jason Bobobobo,Moses Balrog,HEART,WARRIOR,84,84,5,10,5,6,4,Won,64
235,Moses Balrog vs Jason Bobobobo,Jason Bobobobo,TANK,WARRIOR,80,80,10,10,3,5,2,Lost,49
236,Mei Badass vs Moses Balrog,Moses Balrog,HEART,WARRIOR,84,84,5,10,5,6,4,Won,75
236,Mei Badass vs Moses Balrog,Mei Badass,HEART,WARRIOR,84,22,5,10,5,6,4,Lost,0
237,Henry Keely vs The Hall,Henry Keely,MARTIAL ARTIST,MASTER,58,58,5,5,14,7,9,Won,13
237,Henry Keely vs The Hall,The Hall,BERSERKER,WARRIOR,64,64,10,4,6,10,0,Lost,0
238,Shaq Chen vs The Yikes,The Yikes,TANK,WARRIOR,80,80,10,10,3,5,2,Won,38
238,Shaq Chen vs The Yikes,Shaq Chen,TACTICIAN,WARRIOR,52,52,2,2,6,10,10,Lost,0
239,Henry Keely vs The Yikes,The Yikes,TANK,WARRIOR,80,57,10,10,3,5,2,Won,20
239,Henry Keely vs The Yikes,Henry Keely,MARTIAL ARTIST,MASTER,58,20,5,5,14,7,9,Lost,0
240,The Keely vs Bobobo Chen,Bobobo Chen,BERSERKER,WARRIOR,64,64,10,4,6,10,0,Won,39
240,The Keely vs Bobobo Chen,The Keely,MARTIAL ARTIST,WARRIOR,58,58,5,5,9,7,4,Lost,0
241,Jason Jenkins vs Bobobo Hisaishi,Jason Jenkins,HEART,WARRIOR,84,84,5,10,5,6,4,Won,45
241,Jason Jenkins vs Bobobo Hisaishi,Bobobo Hisaishi,HEART,WARRIOR,84,84,5,10,5,6,4,Lost,39
242,Bobobo Chen vs Jason Jenkins,Bobobo Chen,BERSERKER,WARRIOR,64,58,10,4,6,10,0,Won,8
242,Bobobo Chen vs Jason Jenkins,Jason Jenkins,HEART,WARRIOR,84,68,5,10,5,6,4,Lost,0
243,The Yikes vs Bobobo Chen,The Yikes,TANK,WARRIOR,80,30,10,10,3,5,2,Won,22
243,The Yikes vs Bobobo Chen,Bobobo Chen,BERSERKER,WARRIOR,64,12,10,4,6,10,0,Lost,0
244,Happy Chosen One vs Moses Bobobobo,Happy Chosen One,MARTIAL ARTIST,WARRIOR,58,58,5,5,9,7,4,Won,29
244,Happy Chosen One vs Moses Bobobobo,Moses Bobobobo,TACTICIAN,WARRIOR,52,52,2,2,6,10,10,Lost,0
245,Cloud Sun vs Happy Hisaishi,Happy Hisaishi,BERSERKER,ELITE,64,96.0,10,4,6,10,0,Won,65.0
245,Cloud Sun vs Happy Hisaishi,Cloud Sun,TACTICIAN,WARRIOR,52,52,2,2,6,10,10,Lost,0
246,Happy Chosen One vs Happy Hisaishi,Happy Hisaishi,BERSERKER,ELITE,64,64,10,4,6,10,0,Won,29
246,Happy Chosen One vs Happy Hisaishi,Happy Chosen One,MARTIAL ARTIST,WARRIOR,58,44,5,5,9,7,4,Lost,0
247,Moses Sun vs The Badass,The Badass,BERSERKER,WARRIOR,64,64,10,4,6,10,0,Won,32
247,Moses Sun vs The Badass,Moses Sun,MARTIAL ARTIST,WARRIOR,58,58,5,5,9,7,4,Lost,0
248,Ryu X vs Vibey Wednesday,Ryu X,HEART,WARRIOR,84,84,5,10,5,6,4,Won,34
248,Ryu X vs Vibey Wednesday,Vibey Wednesday,NEW CHALLENGER,MYSTERY,30,30,10,5,10,0,5,Lost,3
249,The Badass vs Ryu X,Ryu X,HEART,WARRIOR,84,51,5,10,5,6,4,Won,2
249,The Badass vs Ryu X,The Badass,BERSERKER,WARRIOR,64,48,10,4,6,10,0,Lost,0
250,Happy Hisaishi vs Ryu X,Happy Hisaishi,BERSERKER,ELITE,64,44,10,4,6,10,0,Won,40
250,Happy Hisaishi vs Ryu X,Ryu X,HEART,WARRIOR,84,3,5,10,5,6,4,Lost,0
251,The Yikes vs Happy Hisaishi,The Yikes,TANK,WARRIOR,80,33,10,10,3,5,2,Won,9
251,The Yikes vs Happy Hisaishi,Happy Hisaishi,BERSERKER,ELITE,64,60,10,4,6,10,0,Lost,0
252,Moses Balrog vs The Yikes,Moses Balrog,HEART,WARRIOR,84,84,5,10,5,6,4,Won,79
252,Moses Balrog vs The Yikes,The Yikes,TANK,WARRIOR,80,14,10,10,3,5,2,Lost,0
253,Davey Yikes vs Moses Balrog,Davey Yikes,MARTIAL ARTIST,ELITE,58,58,5,10,9,7,4,Won,27
253,Davey Yikes vs Moses Balrog,Moses Balrog,HEART,WARRIOR,84,84,5,10,5,6,4,Lost,0
254,Mei Yikes vs Davey Yikes,Mei Yikes,TANK,MASTER,80,46,10,10,8,5,7,Won,11
254,Mei Yikes vs Davey Yikes,Davey Yikes,MARTIAL ARTIST,ELITE,58,40,5,10,9,7,4,Lost,0
255,The Moon vs Mei Yikes,The Moon,HEART,LEGENDARY,84,20,5,15,10,11,9,Won,18
255,The Moon vs Mei Yikes,Mei Yikes,TANK,MASTER,80,16,10,10,8,5,7,Lost,0
